trade_dt,fs_info_type,positions,num_cont
20130906,2,2101.0,1.0
20130906,3,2250.0,1.0
20130909,2,2264.0,1.0
20130909,3,2437.0,1.0
20130910,2,2174.0,1.0
20130910,3,2296.0,1.0
20130911,2,2726.0,1.0
20130911,3,2796.0,1.0
20130912,2,2341.0,1.0
20130912,3,2496.0,1.0
20130913,2,2507.0,1.0
20130913,3,2662.0,1.0
20130916,2,2704.0,1.0
20130916,3,2815.0,1.0
20130917,2,4629.0,1.0
20130917,3,4500.0,1.0
20130918,2,4164.0,1.0
20130918,3,4006.0,1.0
20130923,2,4232.0,1.0
20130923,3,4029.0,1.0
20130924,2,4144.0,1.0
20130924,3,3997.0,1.0
20130925,2,4357.0,1.0
20130925,3,4175.0,1.0
20130926,2,4361.0,1.0
20130926,3,4164.0,1.0
20130927,2,3889.0,1.0
20130927,3,3668.0,1.0
20130930,2,3893.0,1.0
20130930,3,3646.0,1.0
20131008,2,3751.0,1.0
20131008,3,3513.0,1.0
20131009,2,3604.0,1.0
20131009,3,3384.0,1.0
20131010,2,3591.0,1.0
20131010,3,3360.0,1.0
20131011,2,3513.0,1.0
20131011,3,3217.0,1.0
20131014,2,3491.0,1.0
20131014,3,3307.0,1.0
20131015,2,3505.0,1.0
20131015,3,3472.0,1.0
20131016,2,3710.0,1.0
20131016,3,3852.0,1.0
20131017,2,3748.0,1.0
20131017,3,3905.0,1.0
20131018,2,3763.0,1.0
20131018,3,3922.0,1.0
20131021,2,3562.0,1.0
20131021,3,3768.0,1.0
20131022,2,3272.0,1.0
20131022,3,3464.0,1.0
20131023,2,3276.0,1.0
20131023,3,3436.0,1.0
20131024,2,3362.0,1.0
20131024,3,3667.0,1.0
20131025,2,3311.0,1.0
20131025,3,3526.0,1.0
20131028,2,3246.0,1.0
20131028,3,3544.0,1.0
20131029,2,3363.0,1.0
20131029,3,3697.0,1.0
20131030,2,3357.0,1.0
20131030,3,3653.0,1.0
20131031,2,3127.0,1.0
20131031,3,3442.0,1.0
20131101,2,3076.0,1.0
20131101,3,3339.0,1.0
20131104,2,2961.0,1.0
20131104,3,3125.0,1.0
20131105,2,2204.0,1.0
20131105,3,2431.0,1.0
20131106,2,2437.0,1.0
20131106,3,2713.0,1.0
20131107,2,2705.0,1.0
20131107,3,3106.0,1.0
20131108,2,2170.0,1.0
20131108,3,2577.0,1.0
20131111,2,2178.0,1.0
20131111,3,2594.0,1.0
20131112,2,1727.0,1.0
20131112,3,2070.0,1.0
20131113,2,1955.0,1.0
20131113,3,2318.0,1.0
20131114,2,2149.0,1.0
20131114,3,2454.0,1.0
20131115,2,2187.0,1.0
20131115,3,2593.0,1.0
20131118,2,2231.0,1.0
20131118,3,2618.0,1.0
20131119,2,2398.0,1.0
20131119,3,2792.0,1.0
20131120,2,2572.0,1.0
20131120,3,2973.0,1.0
20131121,2,2404.0,1.0
20131121,3,2751.0,1.0
20131122,2,2068.0,1.0
20131122,3,2307.0,1.0
20131125,2,1754.0,1.0
20131125,3,1957.0,1.0
20131126,2,1583.0,1.0
20131126,3,1778.0,1.0
20131127,2,1356.0,1.0
20131127,3,1493.0,1.0
20131128,2,1049.0,1.0
20131128,3,1146.0,1.0
20131129,2,882.0,1.0
20131129,3,950.0,1.0
20131202,2,843.0,1.0
20131202,3,903.0,1.0
20131203,2,687.0,1.0
20131203,3,717.0,1.0
20131204,2,629.0,1.0
20131204,3,647.0,1.0
20131205,2,551.0,1.0
20131205,3,560.0,1.0
20131206,2,493.0,1.0
20131206,3,497.0,1.0
20131209,2,441.0,1.0
20131209,3,441.0,1.0
20131210,2,427.0,1.0
20131210,3,427.0,1.0
20131211,2,401.0,1.0
20131211,3,401.0,1.0
20131212,2,400.0,1.0
20131212,3,400.0,1.0
20131213,2,0.0,1.0
20131213,3,0.0,1.0
20131216,2,2290.0,1.0
20131216,3,2390.0,1.0
20131217,2,2292.0,1.0
20131217,3,2516.0,1.0
20131218,2,2350.0,1.0
20131218,3,2569.0,1.0
20131219,2,2412.0,1.0
20131219,3,2637.0,1.0
20131220,2,2397.0,1.0
20131220,3,2647.0,1.0
20131223,2,2483.0,1.0
20131223,3,2774.0,1.0
20131224,2,2446.0,1.0
20131224,3,2672.0,1.0
20131225,2,2408.0,1.0
20131225,3,2704.0,1.0
20131226,2,2361.0,1.0
20131226,3,2618.0,1.0
20131227,2,2331.0,1.0
20131227,3,2612.0,1.0
20131230,2,2376.0,1.0
20131230,3,2674.0,1.0
20131231,2,2829.0,1.0
20131231,3,3115.0,1.0
20140102,2,3027.0,1.0
20140102,3,3342.0,1.0
20140103,2,3073.0,1.0
20140103,3,3454.0,1.0
20140106,2,3076.0,1.0
20140106,3,3389.0,1.0
20140107,2,3144.0,1.0
20140107,3,3525.0,1.0
20140108,2,3132.0,1.0
20140108,3,3400.0,1.0
20140109,2,3135.0,1.0
20140109,3,3405.0,1.0
20140110,2,3089.0,1.0
20140110,3,3417.0,1.0
20140113,2,3091.0,1.0
20140113,3,3418.0,1.0
20140114,2,3086.0,1.0
20140114,3,3390.0,1.0
20140115,2,3092.0,1.0
20140115,3,3394.0,1.0
20140116,2,3127.0,1.0
20140116,3,3385.0,1.0
20140117,2,3100.0,1.0
20140117,3,3413.0,1.0
20140120,2,3108.0,1.0
20140120,3,3490.0,1.0
20140121,2,3132.0,1.0
20140121,3,3402.0,1.0
20140122,2,3168.0,1.0
20140122,3,3454.0,1.0
20140123,2,3067.0,1.0
20140123,3,3366.0,1.0
20140124,2,3200.0,1.0
20140124,3,3557.0,1.0
20140127,2,3400.0,1.0
20140127,3,3763.0,1.0
20140128,2,3445.0,1.0
20140128,3,3759.0,1.0
20140129,2,3581.0,1.0
20140129,3,3933.0,1.0
20140130,2,3565.0,1.0
20140130,3,3851.0,1.0
20140207,2,3604.0,1.0
20140207,3,3932.0,1.0
20140210,2,3659.0,1.0
20140210,3,3948.0,1.0
20140211,2,3346.0,1.0
20140211,3,3654.0,1.0
20140212,2,3169.0,1.0
20140212,3,3399.0,1.0
20140213,2,3112.0,1.0
20140213,3,3275.0,1.0
20140214,2,2968.0,1.0
20140214,3,3185.0,1.0
20140217,2,2816.0,1.0
20140217,3,3005.0,1.0
20140218,2,2332.0,1.0
20140218,3,2502.0,1.0
20140219,2,2067.0,1.0
20140219,3,2222.0,1.0
20140220,2,1645.0,1.0
20140220,3,1797.0,1.0
20140221,2,1258.0,1.0
20140221,3,1362.0,1.0
20140224,2,1098.0,1.0
20140224,3,1191.0,1.0
20140225,2,928.0,1.0
20140225,3,977.0,1.0
20140226,2,760.0,1.0
20140226,3,779.0,1.0
20140227,2,622.0,1.0
20140227,3,637.0,1.0
20140228,2,548.0,1.0
20140228,3,555.0,1.0
20140303,2,529.0,1.0
20140303,3,529.0,1.0
20140304,2,450.0,1.0
20140304,3,450.0,1.0
20140305,2,384.0,1.0
20140305,3,384.0,1.0
20140306,2,340.0,1.0
20140306,3,340.0,1.0
20140307,2,336.0,1.0
20140307,3,336.0,1.0
20140310,2,289.0,1.0
20140310,3,289.0,1.0
20140311,2,282.0,1.0
20140311,3,282.0,1.0
20140312,2,277.0,1.0
20140312,3,277.0,1.0
20140313,2,270.0,1.0
20140313,3,270.0,1.0
20140314,2,0.0,1.0
20140314,3,0.0,1.0
20140317,2,4068.0,1.0
20140317,3,4522.0,1.0
20140318,2,4193.0,1.0
20140318,3,4607.0,1.0
20140319,2,4269.0,1.0
20140319,3,4746.0,1.0
20140320,2,4272.0,1.0
20140320,3,4785.0,1.0
20140321,2,4252.0,1.0
20140321,3,4788.0,1.0
20140324,2,4259.0,1.0
20140324,3,4766.0,1.0
20140325,2,4227.0,1.0
20140325,3,4729.0,1.0
20140326,2,4141.0,1.0
20140326,3,4678.0,1.0
20140327,2,4085.0,1.0
20140327,3,4604.0,1.0
20140328,2,4057.0,1.0
20140328,3,4539.0,1.0
20140331,2,3958.0,1.0
20140331,3,4407.0,1.0
20140401,2,4067.0,1.0
20140401,3,4360.0,1.0
20140402,2,4151.0,1.0
20140402,3,4379.0,1.0
20140403,2,4303.0,1.0
20140403,3,4621.0,1.0
20140404,2,4252.0,1.0
20140404,3,4522.0,1.0
20140408,2,4236.0,1.0
20140408,3,4561.0,1.0
20140409,2,4176.0,1.0
20140409,3,4494.0,1.0
20140410,2,4087.0,1.0
20140410,3,4408.0,1.0
20140411,2,3957.0,1.0
20140411,3,4157.0,1.0
20140414,2,4003.0,1.0
20140414,3,4209.0,1.0
20140415,2,4016.0,1.0
20140415,3,4184.0,1.0
20140416,2,3836.0,1.0
20140416,3,3991.0,1.0
20140417,2,3405.0,1.0
20140417,3,3512.0,1.0
20140418,2,3330.0,1.0
20140418,3,3487.0,1.0
20140421,2,3372.0,1.0
20140421,3,3528.0,1.0
20140422,2,3493.0,1.0
20140422,3,3624.0,1.0
20140423,2,3367.0,1.0
20140423,3,3563.0,1.0
20140424,2,3336.0,1.0
20140424,3,3517.0,1.0
20140425,2,3248.0,1.0
20140425,3,3446.0,1.0
20140428,2,3037.0,1.0
20140428,3,3241.0,1.0
20140429,2,3052.0,1.0
20140429,3,3277.0,1.0
20140430,2,3037.0,1.0
20140430,3,3206.0,1.0
20140505,2,3011.0,1.0
20140505,3,3153.0,1.0
20140506,2,3108.0,1.0
20140506,3,3167.0,1.0
20140507,2,3082.0,1.0
20140507,3,3146.0,1.0
20140508,2,2959.0,1.0
20140508,3,3037.0,1.0
20140509,2,2667.0,1.0
20140509,3,2762.0,1.0
20140512,2,2469.0,1.0
20140512,3,2522.0,1.0
20140513,2,2335.0,1.0
20140513,3,2354.0,1.0
20140514,2,1849.0,1.0
20140514,3,1905.0,1.0
20140515,2,1593.0,1.0
20140515,3,1696.0,1.0
20140516,2,1400.0,1.0
20140516,3,1512.0,1.0
20140519,2,1032.0,1.0
20140519,3,1104.0,1.0
20140520,2,839.0,1.0
20140520,3,910.0,1.0
20140521,2,718.0,1.0
20140521,3,758.0,1.0
20140522,2,594.0,1.0
20140522,3,615.0,1.0
20140523,2,535.0,1.0
20140523,3,553.0,1.0
20140526,2,426.0,1.0
20140526,3,430.0,1.0
20140527,2,359.0,1.0
20140527,3,360.0,1.0
20140528,2,283.0,1.0
20140528,3,283.0,1.0
20140529,2,259.0,1.0
20140529,3,258.0,1.0
20140530,2,204.0,1.0
20140530,3,204.0,1.0
20140603,2,179.0,1.0
20140603,3,179.0,1.0
20140604,2,149.0,1.0
20140604,3,149.0,1.0
20140605,2,108.0,1.0
20140605,3,108.0,1.0
20140606,2,101.0,1.0
20140606,3,101.0,1.0
20140609,2,95.0,1.0
20140609,3,95.0,1.0
20140610,2,89.0,1.0
20140610,3,89.0,1.0
20140611,2,86.0,1.0
20140611,3,86.0,1.0
20140612,2,68.0,1.0
20140612,3,68.0,1.0
20140613,2,0.0,1.0
20140613,3,0.0,1.0
20140616,2,6392.0,1.0
20140616,3,7278.0,1.0
20140617,2,6289.0,1.0
20140617,3,6941.0,1.0
20140618,2,6283.0,1.0
20140618,3,6933.0,1.0
20140619,2,6270.0,1.0
20140619,3,6931.0,1.0
20140620,2,6149.0,1.0
20140620,3,6873.0,1.0
20140623,2,6234.0,1.0
20140623,3,6917.0,1.0
20140624,2,6232.0,1.0
20140624,3,6945.0,1.0
20140625,2,6303.0,1.0
20140625,3,6984.0,1.0
20140626,2,6303.0,1.0
20140626,3,7095.0,1.0
20140627,2,6360.0,1.0
20140627,3,7137.0,1.0
20140630,2,6402.0,1.0
20140630,3,7181.0,1.0
20140701,2,6430.0,1.0
20140701,3,7205.0,1.0
20140702,2,6512.0,1.0
20140702,3,7158.0,1.0
20140703,2,6361.0,1.0
20140703,3,7042.0,1.0
20140704,2,6470.0,1.0
20140704,3,7162.0,1.0
20140707,2,6333.0,1.0
20140707,3,7084.0,1.0
20140708,2,6482.0,1.0
20140708,3,7249.0,1.0
20140709,2,6488.0,1.0
20140709,3,7223.0,1.0
20140710,2,6468.0,1.0
20140710,3,7221.0,1.0
20140711,2,6438.0,1.0
20140711,3,7262.0,1.0
20140714,2,6401.0,1.0
20140714,3,7184.0,1.0
20140715,2,6340.0,1.0
20140715,3,6910.0,1.0
20140716,2,6406.0,1.0
20140716,3,7058.0,1.0
20140717,2,6407.0,1.0
20140717,3,7405.0,1.0
20140718,2,6285.0,1.0
20140718,3,7343.0,1.0
20140721,2,6254.0,1.0
20140721,3,7247.0,1.0
20140722,2,6172.0,1.0
20140722,3,7064.0,1.0
20140723,2,6042.0,1.0
20140723,3,6927.0,1.0
20140724,2,5795.0,1.0
20140724,3,6649.0,1.0
20140725,2,5835.0,1.0
20140725,3,6807.0,1.0
20140728,2,5754.0,1.0
20140728,3,6641.0,1.0
20140729,2,5671.0,1.0
20140729,3,6548.0,1.0
20140730,2,6026.0,1.0
20140730,3,6862.0,1.0
20140731,2,5965.0,1.0
20140731,3,6869.0,1.0
20140801,2,5821.0,1.0
20140801,3,6699.0,1.0
20140804,2,5691.0,1.0
20140804,3,6555.0,1.0
20140805,2,5638.0,1.0
20140805,3,6512.0,1.0
20140806,2,5481.0,1.0
20140806,3,6311.0,1.0
20140807,2,5326.0,1.0
20140807,3,6116.0,1.0
20140808,2,5200.0,1.0
20140808,3,5894.0,1.0
20140811,2,4605.0,1.0
20140811,3,5292.0,1.0
20140812,2,4300.0,1.0
20140812,3,4879.0,1.0
20140813,2,2922.0,1.0
20140813,3,3157.0,1.0
20140814,2,2363.0,1.0
20140814,3,2567.0,1.0
20140815,2,1854.0,1.0
20140815,3,1971.0,1.0
20140818,2,1561.0,1.0
20140818,3,1646.0,1.0
20140819,2,1225.0,1.0
20140819,3,1290.0,1.0
20140820,2,1048.0,1.0
20140820,3,1105.0,1.0
20140821,2,715.0,1.0
20140821,3,757.0,1.0
20140822,2,622.0,1.0
20140822,3,651.0,1.0
20140825,2,624.0,1.0
20140825,3,644.0,1.0
20140826,2,617.0,1.0
20140826,3,625.0,1.0
20140827,2,574.0,1.0
20140827,3,575.0,1.0
20140828,2,541.0,1.0
20140828,3,541.0,1.0
20140829,2,497.0,1.0
20140829,3,497.0,1.0
20140901,2,477.0,1.0
20140901,3,477.0,1.0
20140902,2,442.0,1.0
20140902,3,442.0,1.0
20140903,2,416.0,1.0
20140903,3,416.0,1.0
20140904,2,392.0,1.0
20140904,3,392.0,1.0
20140905,2,369.0,1.0
20140905,3,369.0,1.0
20140909,2,9033.0,2.0
20140909,3,10245.0,2.0
20140910,2,9183.0,2.0
20140910,3,10345.0,2.0
20140911,2,9229.0,2.0
20140911,3,10385.0,2.0
20140912,2,8944.0,2.0
20140912,3,10123.0,2.0
20140915,2,8913.0,1.0
20140915,3,10426.0,1.0
20140916,2,8991.0,1.0
20140916,3,10664.0,1.0
20140917,2,8184.0,1.0
20140917,3,9724.0,1.0
20140918,2,9080.0,1.0
20140918,3,10786.0,1.0
20140919,2,9389.0,1.0
20140919,3,11104.0,1.0
20140922,2,9596.0,1.0
20140922,3,11330.0,1.0
20140923,2,8814.0,1.0
20140923,3,10487.0,1.0
20140924,2,9011.0,1.0
20140924,3,10492.0,1.0
20140925,2,8955.0,1.0
20140925,3,10482.0,1.0
20140926,2,8738.0,1.0
20140926,3,10108.0,1.0
20140929,2,8567.0,1.0
20140929,3,9924.0,1.0
20140930,2,8479.0,1.0
20140930,3,9956.0,1.0
20141008,2,8252.0,1.0
20141008,3,9870.0,1.0
20141009,2,8092.0,1.0
20141009,3,9825.0,1.0
20141010,2,8085.0,1.0
20141010,3,9814.0,1.0
20141013,2,8244.0,1.0
20141013,3,10107.0,1.0
20141014,2,8237.0,1.0
20141014,3,10183.0,1.0
20141015,2,8468.0,1.0
20141015,3,10114.0,1.0
20141016,2,8541.0,1.0
20141016,3,10209.0,1.0
20141017,2,8566.0,1.0
20141017,3,10317.0,1.0
20141020,2,8684.0,1.0
20141020,3,10374.0,1.0
20141021,2,8799.0,1.0
20141021,3,10097.0,1.0
20141022,2,9120.0,1.0
20141022,3,10361.0,1.0
20141023,2,9036.0,1.0
20141023,3,10387.0,1.0
20141024,2,8766.0,1.0
20141024,3,10314.0,1.0
20141027,2,8540.0,1.0
20141027,3,9996.0,1.0
20141028,2,8498.0,1.0
20141028,3,10179.0,1.0
20141029,2,8380.0,1.0
20141029,3,9815.0,1.0
20141030,2,7484.0,1.0
20141030,3,8481.0,1.0
20141031,2,6982.0,1.0
20141031,3,7908.0,1.0
20141103,2,5954.0,1.0
20141103,3,6824.0,1.0
20141104,2,5179.0,1.0
20141104,3,5948.0,1.0
20141105,2,12789.0,2.0
20141105,3,14292.0,2.0
20141106,2,13475.0,2.0
20141106,3,15051.0,2.0
20141107,2,13276.0,2.0
20141107,3,15362.0,2.0
20141110,2,13202.0,2.0
20141110,3,15412.0,2.0
20141111,2,12986.0,2.0
20141111,3,15023.0,2.0
20141112,2,13463.0,2.0
20141112,3,15701.0,2.0
20141113,2,14279.0,2.0
20141113,3,16794.0,2.0
20141114,2,15682.0,2.0
20141114,3,17899.0,2.0
20141117,2,16014.0,2.0
20141117,3,18218.0,2.0
20141118,2,16269.0,2.0
20141118,3,18980.0,2.0
20141119,2,16138.0,2.0
20141119,3,18735.0,2.0
20141120,2,16103.0,2.0
20141120,3,18738.0,2.0
20141121,2,15658.0,2.0
20141121,3,18848.0,2.0
20141124,2,14459.0,2.0
20141124,3,17335.0,2.0
20141125,2,13771.0,2.0
20141125,3,16276.0,2.0
20141126,2,14419.0,2.0
20141126,3,17201.0,2.0
20141127,2,14372.0,2.0
20141127,3,17377.0,2.0
20141128,2,14255.0,2.0
20141128,3,17411.0,2.0
20141201,2,14477.0,2.0
20141201,3,18214.0,2.0
20141202,2,15325.0,2.0
20141202,3,18784.0,2.0
20141203,2,15587.0,2.0
20141203,3,19475.0,2.0
20141204,2,15621.0,2.0
20141204,3,19433.0,2.0
20141205,2,16200.0,2.0
20141205,3,20434.0,2.0
20141208,2,17086.0,2.0
20141208,3,22156.0,2.0
20141209,2,17531.0,2.0
20141209,3,22477.0,2.0
20141210,2,16768.0,2.0
20141210,3,21458.0,2.0
20141211,2,17505.0,2.0
20141211,3,21583.0,2.0
20141212,2,17037.0,2.0
20141212,3,21417.0,2.0
20141215,2,16877.0,1.0
20141215,3,21394.0,1.0
20141216,2,17059.0,1.0
20141216,3,21330.0,1.0
20141217,2,17574.0,1.0
20141217,3,21644.0,1.0
20141218,2,17462.0,1.0
20141218,3,21303.0,1.0
20141219,2,16570.0,1.0
20141219,3,20544.0,1.0
20141222,2,16357.0,1.0
20141222,3,20033.0,1.0
20141223,2,16347.0,1.0
20141223,3,20265.0,1.0
20141224,2,15647.0,1.0
20141224,3,19341.0,1.0
20141225,2,15653.0,1.0
20141225,3,19277.0,1.0
20141226,2,15479.0,1.0
20141226,3,19361.0,1.0
20141229,2,15217.0,1.0
20141229,3,19058.0,1.0
20141230,2,15314.0,1.0
20141230,3,18758.0,1.0
20141231,2,14853.0,1.0
20141231,3,18390.0,1.0
20150105,2,14483.0,1.0
20150105,3,17918.0,1.0
20150106,2,14130.0,1.0
20150106,3,17558.0,1.0
20150107,2,14211.0,1.0
20150107,3,17615.0,1.0
20150108,2,14381.0,1.0
20150108,3,17910.0,1.0
20150109,2,14346.0,1.0
20150109,3,17721.0,1.0
20150112,2,14380.0,1.0
20150112,3,17807.0,1.0
20150113,2,14445.0,1.0
20150113,3,17997.0,1.0
20150114,2,14507.0,1.0
20150114,3,17724.0,1.0
20150115,2,14361.0,1.0
20150115,3,17450.0,1.0
20150116,2,14324.0,1.0
20150116,3,17505.0,1.0
20150119,2,13696.0,1.0
20150119,3,16621.0,1.0
20150120,2,13898.0,1.0
20150120,3,16949.0,1.0
20150121,2,13661.0,1.0
20150121,3,16640.0,1.0
20150122,2,13412.0,1.0
20150122,3,16635.0,1.0
20150123,2,13231.0,1.0
20150123,3,16183.0,1.0
20150126,2,12752.0,1.0
20150126,3,15739.0,1.0
20150127,2,12525.0,1.0
20150127,3,15280.0,1.0
20150128,2,11971.0,1.0
20150128,3,14722.0,1.0
20150129,2,11656.0,1.0
20150129,3,14304.0,1.0
20150130,2,19789.0,2.0
20150130,3,23835.0,2.0
20150202,2,20081.0,2.0
20150202,3,24498.0,2.0
20150203,2,20289.0,2.0
20150203,3,24934.0,2.0
20150204,2,20545.0,2.0
20150204,3,25053.0,2.0
20150205,2,20765.0,2.0
20150205,3,24737.0,2.0
20150206,2,20832.0,2.0
20150206,3,25165.0,2.0
20150209,2,21336.0,2.0
20150209,3,25716.0,2.0
20150210,2,22933.0,2.0
20150210,3,27352.0,2.0
20150211,2,23075.0,2.0
20150211,3,28703.0,2.0
20150212,2,23087.0,2.0
20150212,3,29053.0,2.0
20150213,2,22707.0,2.0
20150213,3,28747.0,2.0
20150216,2,22694.0,2.0
20150216,3,28633.0,2.0
20150217,2,22065.0,2.0
20150217,3,28438.0,2.0
20150225,2,23203.0,2.0
20150225,3,29498.0,2.0
20150226,2,23848.0,2.0
20150226,3,29829.0,2.0
20150227,2,24212.0,2.0
20150227,3,30265.0,2.0
20150302,2,24527.0,2.0
20150302,3,30118.0,2.0
20150303,2,25004.0,2.0
20150303,3,30946.0,2.0
20150304,2,25916.0,2.0
20150304,3,32026.0,2.0
20150305,2,26798.0,2.0
20150305,3,32708.0,2.0
20150306,2,27107.0,2.0
20150306,3,32905.0,2.0
20150309,2,27167.0,2.0
20150309,3,32330.0,2.0
20150310,2,27266.0,2.0
20150310,3,32805.0,2.0
20150311,2,27073.0,2.0
20150311,3,33189.0,2.0
20150312,2,28016.0,2.0
20150312,3,34353.0,2.0
20150313,2,27943.0,2.0
20150313,3,35262.0,2.0
20150316,2,28738.0,1.0
20150316,3,35531.0,1.0
20150317,2,28513.0,1.0
20150317,3,36563.0,1.0
20150318,2,28932.0,1.0
20150318,3,36297.0,1.0
20150319,2,28669.0,1.0
20150319,3,36493.0,1.0
20150320,2,27722.0,1.0
20150320,3,35634.0,1.0
20150323,2,27324.0,1.0
20150323,3,35100.0,1.0
20150324,2,27215.0,1.0
20150324,3,34646.0,1.0
20150325,2,27176.0,1.0
20150325,3,35167.0,1.0
20150326,2,27460.0,1.0
20150326,3,34346.0,1.0
20150327,2,28441.0,1.0
20150327,3,35001.0,1.0
20150330,2,28072.0,1.0
20150330,3,34885.0,1.0
20150331,2,28454.0,1.0
20150331,3,35120.0,1.0
20150401,2,27782.0,1.0
20150401,3,34549.0,1.0
20150402,2,27227.0,1.0
20150402,3,33560.0,1.0
20150403,2,26773.0,1.0
20150403,3,32290.0,1.0
20150407,2,26984.0,1.0
20150407,3,32029.0,1.0
20150408,2,27612.0,1.0
20150408,3,32000.0,1.0
20150409,2,27960.0,1.0
20150409,3,32456.0,1.0
20150410,2,28661.0,1.0
20150410,3,33186.0,1.0
20150413,2,28320.0,1.0
20150413,3,34195.0,1.0
20150414,2,28324.0,1.0
20150414,3,34077.0,1.0
20150415,2,28190.0,1.0
20150415,3,35014.0,1.0
20150416,2,27898.0,1.0
20150416,3,35509.0,1.0
20150417,2,27866.0,1.0
20150417,3,36034.0,1.0
20150420,2,27376.0,1.0
20150420,3,35384.0,1.0
20150421,2,26883.0,1.0
20150421,3,34511.0,1.0
20150422,2,27228.0,1.0
20150422,3,35126.0,1.0
20150423,2,27304.0,1.0
20150423,3,35134.0,1.0
20150424,2,27562.0,1.0
20150424,3,35403.0,1.0
20150427,2,28187.0,1.0
20150427,3,35872.0,1.0
20150428,2,28206.0,1.0
20150428,3,35747.0,1.0
20150429,2,28359.0,1.0
20150429,3,36196.0,1.0
20150430,2,28120.0,1.0
20150430,3,36032.0,1.0
20150504,2,27574.0,1.0
20150504,3,35372.0,1.0
20150505,2,26499.0,1.0
20150505,3,34552.0,1.0
20150506,2,33462.0,2.0
20150506,3,41494.0,2.0
20150507,2,32634.0,2.0
20150507,3,39873.0,2.0
20150508,2,31918.0,2.0
20150508,3,39237.0,2.0
20150511,2,31221.0,2.0
20150511,3,38488.0,2.0
20150512,2,30810.0,2.0
20150512,3,36877.0,2.0
20150513,2,30499.0,2.0
20150513,3,36592.0,2.0
20150514,2,31018.0,2.0
20150514,3,36535.0,2.0
20150515,2,30692.0,2.0
20150515,3,35430.0,2.0
20150518,2,31400.0,2.0
20150518,3,35972.0,2.0
20150519,2,31923.0,2.0
20150519,3,36545.0,2.0
20150520,2,31211.0,2.0
20150520,3,36365.0,2.0
20150521,2,30326.0,2.0
20150521,3,35685.0,2.0
20150522,2,29685.0,2.0
20150522,3,35375.0,2.0
20150525,2,29215.0,2.0
20150525,3,34792.0,2.0
20150526,2,26563.0,2.0
20150526,3,31954.0,2.0
20150527,2,25871.0,2.0
20150527,3,31298.0,2.0
20150528,2,25200.0,2.0
20150528,3,30433.0,2.0
20150529,2,23841.0,2.0
20150529,3,29130.0,2.0
20150601,2,22249.0,2.0
20150601,3,27228.0,2.0
20150602,2,21380.0,2.0
20150602,3,26036.0,2.0
20150603,2,21058.0,2.0
20150603,3,25494.0,2.0
20150604,2,20628.0,2.0
20150604,3,24850.0,2.0
20150605,2,20507.0,2.0
20150605,3,24745.0,2.0
20150608,2,20028.0,2.0
20150608,3,24298.0,2.0
20150609,2,19677.0,2.0
20150609,3,23779.0,2.0
20150610,2,18932.0,2.0
20150610,3,23196.0,2.0
20150611,2,18976.0,2.0
20150611,3,23577.0,2.0
20150612,2,18191.0,2.0
20150612,3,22609.0,2.0
20150615,2,17823.0,1.0
20150615,3,22502.0,1.0
20150616,2,18035.0,1.0
20150616,3,23042.0,1.0
20150617,2,17637.0,1.0
20150617,3,22617.0,1.0
20150618,2,17545.0,1.0
20150618,3,22246.0,1.0
20150619,2,17406.0,1.0
20150619,3,21856.0,1.0
20150623,2,17413.0,1.0
20150623,3,21625.0,1.0
20150624,2,17299.0,1.0
20150624,3,21290.0,1.0
20150625,2,17117.0,1.0
20150625,3,21009.0,1.0
20150626,2,16943.0,1.0
20150626,3,20530.0,1.0
20150629,2,16833.0,1.0
20150629,3,20199.0,1.0
20150630,2,16132.0,1.0
20150630,3,19435.0,1.0
20150701,2,16101.0,1.0
20150701,3,19583.0,1.0
20150702,2,15851.0,1.0
20150702,3,19109.0,1.0
20150703,2,15529.0,1.0
20150703,3,18548.0,1.0
20150706,2,15366.0,1.0
20150706,3,18305.0,1.0
20150707,2,14892.0,1.0
20150707,3,18010.0,1.0
20150708,2,15137.0,1.0
20150708,3,17797.0,1.0
20150709,2,14889.0,1.0
20150709,3,17292.0,1.0
20150710,2,14786.0,1.0
20150710,3,17488.0,1.0
20150713,2,14760.0,1.0
20150713,3,17265.0,1.0
20150714,2,14758.0,1.0
20150714,3,17426.0,1.0
20150715,2,14894.0,1.0
20150715,3,17552.0,1.0
20150716,2,14867.0,1.0
20150716,3,17665.0,1.0
20150717,2,14930.0,1.0
20150717,3,17597.0,1.0
20150720,2,14827.0,1.0
20150720,3,17649.0,1.0
20150721,2,14953.0,1.0
20150721,3,17468.0,1.0
20150722,2,14863.0,1.0
20150722,3,17444.0,1.0
20150723,2,15104.0,1.0
20150723,3,17919.0,1.0
20150724,2,14941.0,1.0
20150724,3,17957.0,1.0
20150727,2,14860.0,1.0
20150727,3,17679.0,1.0
20150728,2,14776.0,1.0
20150728,3,17739.0,1.0
20150729,2,14628.0,1.0
20150729,3,17526.0,1.0
20150730,2,14272.0,1.0
20150730,3,17086.0,1.0
20150731,2,13944.0,1.0
20150731,3,15750.0,1.0
20150803,2,13688.0,1.0
20150803,3,15495.0,1.0
20150804,2,13029.0,1.0
20150804,3,15011.0,1.0
20150805,2,12665.0,1.0
20150805,3,14267.0,1.0
20150806,2,11794.0,1.0
20150806,3,13617.0,1.0
20150807,2,11363.0,1.0
20150807,3,13064.0,1.0
20150810,2,11005.0,1.0
20150810,3,12412.0,1.0
20150811,2,10336.0,1.0
20150811,3,11502.0,1.0
20150812,2,9628.0,1.0
20150812,3,10239.0,1.0
20150813,2,8879.0,1.0
20150813,3,9478.0,1.0
20150814,2,8067.0,1.0
20150814,3,8786.0,1.0
20150817,2,7235.0,1.0
20150817,3,7428.0,1.0
20150818,2,15932.0,2.0
20150818,3,16264.0,2.0
20150819,2,16164.0,2.0
20150819,3,16303.0,2.0
20150820,2,16053.0,2.0
20150820,3,16093.0,2.0
20150821,2,15548.0,2.0
20150821,3,15542.0,2.0
20150824,2,15219.0,2.0
20150824,3,15464.0,2.0
20150825,2,14983.0,2.0
20150825,3,15207.0,2.0
20150826,2,14755.0,2.0
20150826,3,14791.0,2.0
20150827,2,14212.0,2.0
20150827,3,14159.0,2.0
20150828,2,13958.0,2.0
20150828,3,13806.0,2.0
20150831,2,14392.0,2.0
20150831,3,14434.0,2.0
20150901,2,13881.0,2.0
20150901,3,13861.0,2.0
20150902,2,13517.0,2.0
20150902,3,13139.0,2.0
20150907,2,13240.0,2.0
20150907,3,12979.0,2.0
20150908,2,12250.0,2.0
20150908,3,12163.0,2.0
20150909,2,12035.0,2.0
20150909,3,12055.0,2.0
20150910,2,12094.0,2.0
20150910,3,12232.0,2.0
20150911,2,10894.0,2.0
20150911,3,11054.0,2.0
20150914,2,10475.0,1.0
20150914,3,10786.0,1.0
20150915,2,10677.0,1.0
20150915,3,11384.0,1.0
20150916,2,10611.0,1.0
20150916,3,11047.0,1.0
20150917,2,10962.0,1.0
20150917,3,10583.0,1.0
20150918,2,10763.0,1.0
20150918,3,10613.0,1.0
20150921,2,10896.0,1.0
20150921,3,10531.0,1.0
20150922,2,11717.0,1.0
20150922,3,10825.0,1.0
20150923,2,11485.0,1.0
20150923,3,10755.0,1.0
20150924,2,11575.0,1.0
20150924,3,11265.0,1.0
20150925,2,11445.0,1.0
20150925,3,11483.0,1.0
20150928,2,11559.0,1.0
20150928,3,11774.0,1.0
20150929,2,11612.0,1.0
20150929,3,11969.0,1.0
20150930,2,11608.0,1.0
20150930,3,11795.0,1.0
20151008,2,11598.0,1.0
20151008,3,11365.0,1.0
20151009,2,12464.0,1.0
20151009,3,12996.0,1.0
20151012,2,12695.0,1.0
20151012,3,13618.0,1.0
20151013,2,13247.0,1.0
20151013,3,14440.0,1.0
20151014,2,12941.0,1.0
20151014,3,14092.0,1.0
20151015,2,13338.0,1.0
20151015,3,14144.0,1.0
20151016,2,12092.0,1.0
20151016,3,12597.0,1.0
20151019,2,11892.0,1.0
20151019,3,12628.0,1.0
20151020,2,12741.0,1.0
20151020,3,13849.0,1.0
20151021,2,13043.0,1.0
20151021,3,13630.0,1.0
20151022,2,13522.0,1.0
20151022,3,14362.0,1.0
20151023,2,14343.0,1.0
20151023,3,14978.0,1.0
20151026,2,14519.0,1.0
20151026,3,15314.0,1.0
20151027,2,15702.0,1.0
20151027,3,16618.0,1.0
20151028,2,14492.0,1.0
20151028,3,14991.0,1.0
20151029,2,14276.0,1.0
20151029,3,14957.0,1.0
20151030,2,13888.0,1.0
20151030,3,14904.0,1.0
20151102,2,13693.0,1.0
20151102,3,14779.0,1.0
20151103,2,14302.0,1.0
20151103,3,14891.0,1.0
20151104,2,13198.0,1.0
20151104,3,13457.0,1.0
20151105,2,12775.0,1.0
20151105,3,13509.0,1.0
20151106,2,12853.0,1.0
20151106,3,12676.0,1.0
20151109,2,13125.0,1.0
20151109,3,12361.0,1.0
20151110,2,12195.0,1.0
20151110,3,11948.0,1.0
20151111,2,11270.0,1.0
20151111,3,11046.0,1.0
20151112,2,10541.0,1.0
20151112,3,9624.0,1.0
20151113,2,10322.0,1.0
20151113,3,9145.0,1.0
20151116,2,9349.0,1.0
20151116,3,8564.0,1.0
20151117,2,17419.0,2.0
20151117,3,17013.0,2.0
20151118,2,17422.0,2.0
20151118,3,16253.0,2.0
20151119,2,17344.0,2.0
20151119,3,16996.0,2.0
20151120,2,18044.0,2.0
20151120,3,18397.0,2.0
20151123,2,17908.0,2.0
20151123,3,17296.0,2.0
20151124,2,18190.0,2.0
20151124,3,18547.0,2.0
20151125,2,17844.0,2.0
20151125,3,17454.0,2.0
20151126,2,18170.0,2.0
20151126,3,19040.0,2.0
20151127,2,16446.0,2.0
20151127,3,15914.0,2.0
20151130,2,17453.0,2.0
20151130,3,18268.0,2.0
20151201,2,17349.0,2.0
20151201,3,16684.0,2.0
20151202,2,17464.0,2.0
20151202,3,17380.0,2.0
20151203,2,17911.0,2.0
20151203,3,18244.0,2.0
20151204,2,17269.0,2.0
20151204,3,16475.0,2.0
20151207,2,16340.0,2.0
20151207,3,16426.0,2.0
20151208,2,17408.0,2.0
20151208,3,17826.0,2.0
20151209,2,17494.0,2.0
20151209,3,17671.0,2.0
20151210,2,17608.0,2.0
20151210,3,17211.0,2.0
20151211,2,18054.0,2.0
20151211,3,18405.0,2.0
20151214,2,16433.0,1.0
20151214,3,16284.0,1.0
20151215,2,16959.0,1.0
20151215,3,17123.0,1.0
20151216,2,17415.0,1.0
20151216,3,17608.0,1.0
20151217,2,17864.0,1.0
20151217,3,17780.0,1.0
20151218,2,19574.0,1.0
20151218,3,19933.0,1.0
20151221,2,20034.0,1.0
20151221,3,20435.0,1.0
20151222,2,19566.0,1.0
20151222,3,19925.0,1.0
20151223,2,19750.0,1.0
20151223,3,20527.0,1.0
20151224,2,20742.0,1.0
20151224,3,21183.0,1.0
20151225,2,20756.0,1.0
20151225,3,20204.0,1.0
20151228,2,20379.0,1.0
20151228,3,20433.0,1.0
20151229,2,19987.0,1.0
20151229,3,19575.0,1.0
20151230,2,19537.0,1.0
20151230,3,19438.0,1.0
20151231,2,20097.0,1.0
20151231,3,19827.0,1.0
20160104,2,20598.0,1.0
20160104,3,20174.0,1.0
20160105,2,20691.0,1.0
20160105,3,20442.0,1.0
20160106,2,21193.0,1.0
20160106,3,21029.0,1.0
20160107,2,20541.0,1.0
20160107,3,19653.0,1.0
20160108,2,20678.0,1.0
20160108,3,20260.0,1.0
20160111,2,20415.0,1.0
20160111,3,19919.0,1.0
20160112,2,20458.0,1.0
20160112,3,20702.0,1.0
20160113,2,21054.0,1.0
20160113,3,21209.0,1.0
20160114,2,20136.0,1.0
20160114,3,19616.0,1.0
20160115,2,19554.0,1.0
20160115,3,19465.0,1.0
20160118,2,20162.0,1.0
20160118,3,19263.0,1.0
20160119,2,18987.0,1.0
20160119,3,18520.0,1.0
20160120,2,18313.0,1.0
20160120,3,18649.0,1.0
20160121,2,17711.0,1.0
20160121,3,18176.0,1.0
20160122,2,17728.0,1.0
20160122,3,17700.0,1.0
20160125,2,17100.0,1.0
20160125,3,16861.0,1.0
20160126,2,16791.0,1.0
20160126,3,16225.0,1.0
20160127,2,25405.0,2.0
20160127,3,25073.0,2.0
20160128,2,26760.0,2.0
20160128,3,26423.0,2.0
20160129,2,26942.0,2.0
20160129,3,26683.0,2.0
20160201,2,27487.0,2.0
20160201,3,26859.0,2.0
20160202,2,27975.0,2.0
20160202,3,27412.0,2.0
20160203,2,28027.0,2.0
20160203,3,27547.0,2.0
20160204,2,28827.0,2.0
20160204,3,27986.0,2.0
20160205,2,28584.0,2.0
20160205,3,27774.0,2.0
20160215,2,28983.0,2.0
20160215,3,28703.0,2.0
20160216,2,28964.0,2.0
20160216,3,28392.0,2.0
20160217,2,28315.0,2.0
20160217,3,28241.0,2.0
20160218,2,28125.0,2.0
20160218,3,28313.0,2.0
20160219,2,26871.0,2.0
20160219,3,26710.0,2.0
20160222,2,26395.0,2.0
20160222,3,26561.0,2.0
20160223,2,24508.0,2.0
20160223,3,24529.0,2.0
20160224,2,22855.0,2.0
20160224,3,23010.0,2.0
20160225,2,23172.0,2.0
20160225,3,23551.0,2.0
20160226,2,23089.0,2.0
20160226,3,23280.0,2.0
20160229,2,22813.0,2.0
20160229,3,22992.0,2.0
20160301,2,23203.0,2.0
20160301,3,23688.0,2.0
20160302,2,23316.0,2.0
20160302,3,23581.0,2.0
20160303,2,22555.0,2.0
20160303,3,22360.0,2.0
20160304,2,24509.0,2.0
20160304,3,24216.0,2.0
20160307,2,25417.0,2.0
20160307,3,25095.0,2.0
20160308,2,25444.0,2.0
20160308,3,25068.0,2.0
20160309,2,26590.0,2.0
20160309,3,27174.0,2.0
20160310,2,27174.0,2.0
20160310,3,27276.0,2.0
20160311,2,26871.0,2.0
20160311,3,27517.0,2.0
20160314,2,26177.0,1.0
20160314,3,26809.0,1.0
20160315,2,25909.0,1.0
20160315,3,26434.0,1.0
20160316,2,25796.0,1.0
20160316,3,26767.0,1.0
20160317,2,25954.0,1.0
20160317,3,25837.0,1.0
20160318,2,25610.0,1.0
20160318,3,25644.0,1.0
20160321,2,25415.0,1.0
20160321,3,24542.0,1.0
20160322,2,25226.0,1.0
20160322,3,24758.0,1.0
20160323,2,25518.0,1.0
20160323,3,24853.0,1.0
20160324,2,25203.0,1.0
20160324,3,25214.0,1.0
20160325,2,25859.0,1.0
20160325,3,25856.0,1.0
20160328,2,26410.0,1.0
20160328,3,26368.0,1.0
20160329,2,29016.0,1.0
20160329,3,29221.0,1.0
20160330,2,29372.0,1.0
20160330,3,29549.0,1.0
20160331,2,27951.0,1.0
20160331,3,27895.0,1.0
20160401,2,28571.0,1.0
20160401,3,28244.0,1.0
20160405,2,27701.0,1.0
20160405,3,27228.0,1.0
20160406,2,27478.0,1.0
20160406,3,27229.0,1.0
20160407,2,27229.0,1.0
20160407,3,26835.0,1.0
20160408,2,27147.0,1.0
20160408,3,27266.0,1.0
20160411,2,26945.0,1.0
20160411,3,26658.0,1.0
20160412,2,26629.0,1.0
20160412,3,25930.0,1.0
20160413,2,25075.0,1.0
20160413,3,24602.0,1.0
20160414,2,23882.0,1.0
20160414,3,23571.0,1.0
20160415,2,31451.0,2.0
20160415,3,30853.0,2.0
20160418,2,31329.0,2.0
20160418,3,30787.0,2.0
20160419,2,31092.0,2.0
20160419,3,30782.0,2.0
20160420,2,30187.0,2.0
20160420,3,29247.0,2.0
20160421,2,30496.0,2.0
20160421,3,29425.0,2.0
20160422,2,30329.0,2.0
20160422,3,29741.0,2.0
20160425,2,30835.0,2.0
20160425,3,30410.0,2.0
20160426,2,28454.0,2.0
20160426,3,28364.0,2.0
20160427,2,28852.0,2.0
20160427,3,28452.0,2.0
20160428,2,28464.0,2.0
20160428,3,28133.0,2.0
20160429,2,28004.0,2.0
20160429,3,27907.0,2.0
20160503,2,27648.0,2.0
20160503,3,27709.0,2.0
20160504,2,27277.0,2.0
20160504,3,27223.0,2.0
20160505,2,27211.0,2.0
20160505,3,27129.0,2.0
20160506,2,26904.0,2.0
20160506,3,26785.0,2.0
20160509,2,26547.0,2.0
20160509,3,26536.0,2.0
20160510,2,26320.0,2.0
20160510,3,26121.0,2.0
20160511,2,25851.0,2.0
20160511,3,25576.0,2.0
20160512,2,25943.0,2.0
20160512,3,25932.0,2.0
20160513,2,25578.0,2.0
20160513,3,25307.0,2.0
20160516,2,25417.0,2.0
20160516,3,24961.0,2.0
20160517,2,24902.0,2.0
20160517,3,24519.0,2.0
20160518,2,24615.0,2.0
20160518,3,23807.0,2.0
20160519,2,23847.0,2.0
20160519,3,23672.0,2.0
20160520,2,23432.0,2.0
20160520,3,23525.0,2.0
20160523,2,23600.0,2.0
20160523,3,23902.0,2.0
20160524,2,23685.0,2.0
20160524,3,24291.0,2.0
20160525,2,23821.0,2.0
20160525,3,24287.0,2.0
20160526,2,23874.0,2.0
20160526,3,24460.0,2.0
20160527,2,23871.0,2.0
20160527,3,24250.0,2.0
20160530,2,24098.0,2.0
20160530,3,23899.0,2.0
20160531,2,23628.0,2.0
20160531,3,23817.0,2.0
20160601,2,23828.0,2.0
20160601,3,23958.0,2.0
20160602,2,24252.0,2.0
20160602,3,24083.0,2.0
20160603,2,24513.0,2.0
20160603,3,24190.0,2.0
20160606,2,24604.0,2.0
20160606,3,24381.0,2.0
20160607,2,25036.0,2.0
20160607,3,24659.0,2.0
20160608,2,25315.0,2.0
20160608,3,24757.0,2.0
20160613,2,24176.0,2.0
20160613,3,24080.0,2.0
20160614,2,24383.0,1.0
20160614,3,24358.0,1.0
20160615,2,24224.0,1.0
20160615,3,24337.0,1.0
20160616,2,24329.0,1.0
20160616,3,24450.0,1.0
20160617,2,24518.0,1.0
20160617,3,24392.0,1.0
20160620,2,24291.0,1.0
20160620,3,24156.0,1.0
20160621,2,24527.0,1.0
20160621,3,24696.0,1.0
20160622,2,24573.0,1.0
20160622,3,24676.0,1.0
20160623,2,24453.0,1.0
20160623,3,24340.0,1.0
20160624,2,24969.0,1.0
20160624,3,25164.0,1.0
20160627,2,24605.0,1.0
20160627,3,25045.0,1.0
20160628,2,24278.0,1.0
20160628,3,24606.0,1.0
20160629,2,23702.0,1.0
20160629,3,24073.0,1.0
20160630,2,22638.0,1.0
20160630,3,23733.0,1.0
20160701,2,22233.0,1.0
20160701,3,23472.0,1.0
20160704,2,21723.0,1.0
20160704,3,22258.0,1.0
20160705,2,20624.0,1.0
20160705,3,21661.0,1.0
20160706,2,20552.0,1.0
20160706,3,21802.0,1.0
20160707,2,20641.0,1.0
20160707,3,22046.0,1.0
20160708,2,21017.0,1.0
20160708,3,22544.0,1.0
20160711,2,20135.0,1.0
20160711,3,21306.0,1.0
20160712,2,19561.0,1.0
20160712,3,20551.0,1.0
20160713,2,19166.0,1.0
20160713,3,20127.0,1.0
20160714,2,18972.0,1.0
20160714,3,20052.0,1.0
20160715,2,18899.0,1.0
20160715,3,20168.0,1.0
20160718,2,18790.0,1.0
20160718,3,19787.0,1.0
20160719,2,18713.0,1.0
20160719,3,19826.0,1.0
20160720,2,19497.0,1.0
20160720,3,20900.0,1.0
20160721,2,20305.0,1.0
20160721,3,21498.0,1.0
20160722,2,19603.0,1.0
20160722,3,20950.0,1.0
20160725,2,19536.0,1.0
20160725,3,20688.0,1.0
20160726,2,20106.0,1.0
20160726,3,21763.0,1.0
20160727,2,19318.0,1.0
20160727,3,20862.0,1.0
20160728,2,18828.0,1.0
20160728,3,20998.0,1.0
20160729,2,18453.0,1.0
20160729,3,20110.0,1.0
20160801,2,17855.0,1.0
20160801,3,19390.0,1.0
20160802,2,26972.0,2.0
20160802,3,29342.0,2.0
20160803,2,26626.0,2.0
20160803,3,29328.0,2.0
20160804,2,27033.0,2.0
20160804,3,29669.0,2.0
20160805,2,26998.0,2.0
20160805,3,29632.0,2.0
20160808,2,26453.0,2.0
20160808,3,28886.0,2.0
20160809,2,25578.0,2.0
20160809,3,28002.0,2.0
20160810,2,24766.0,2.0
20160810,3,26682.0,2.0
20160811,2,24051.0,2.0
20160811,3,25919.0,2.0
20160812,2,23401.0,2.0
20160812,3,25655.0,2.0
20160815,2,22025.0,2.0
20160815,3,23771.0,2.0
20160816,2,21209.0,2.0
20160816,3,22504.0,2.0
20160817,2,20762.0,2.0
20160817,3,22330.0,2.0
20160818,2,20054.0,2.0
20160818,3,21226.0,2.0
20160819,2,18679.0,2.0
20160819,3,19627.0,2.0
20160822,2,18626.0,2.0
20160822,3,19754.0,2.0
20160823,2,18251.0,2.0
20160823,3,19058.0,2.0
20160824,2,18410.0,2.0
20160824,3,19152.0,2.0
20160825,2,17897.0,2.0
20160825,3,18460.0,2.0
20160826,2,17773.0,2.0
20160826,3,18924.0,2.0
20160829,2,17936.0,2.0
20160829,3,18859.0,2.0
20160830,2,19801.0,2.0
20160830,3,19868.0,2.0
20160831,2,19183.0,2.0
20160831,3,19298.0,2.0
20160901,2,18839.0,2.0
20160901,3,19410.0,2.0
20160902,2,18275.0,2.0
20160902,3,18699.0,2.0
20160905,2,17827.0,2.0
20160905,3,18725.0,2.0
20160906,2,18353.0,2.0
20160906,3,19088.0,2.0
20160907,2,18415.0,2.0
20160907,3,19092.0,2.0
20160908,2,17823.0,2.0
20160908,3,19249.0,2.0
20160909,2,16914.0,2.0
20160909,3,18644.0,2.0
20160912,2,17161.0,1.0
20160912,3,18244.0,1.0
20160913,2,18195.0,1.0
20160913,3,19445.0,1.0
20160914,2,18251.0,1.0
20160914,3,19772.0,1.0
20160919,2,18292.0,1.0
20160919,3,19583.0,1.0
20160920,2,18170.0,1.0
20160920,3,19610.0,1.0
20160921,2,18199.0,1.0
20160921,3,19608.0,1.0
20160922,2,18183.0,1.0
20160922,3,19558.0,1.0
20160923,2,18140.0,1.0
20160923,3,19828.0,1.0
20160926,2,18193.0,1.0
20160926,3,19912.0,1.0
20160927,2,18353.0,1.0
20160927,3,20161.0,1.0
20160928,2,18239.0,1.0
20160928,3,19943.0,1.0
20160929,2,18215.0,1.0
20160929,3,19802.0,1.0
20160930,2,18170.0,1.0
20160930,3,19807.0,1.0
20161010,2,18095.0,1.0
20161010,3,19871.0,1.0
20161011,2,18315.0,1.0
20161011,3,19863.0,1.0
20161012,2,18178.0,1.0
20161012,3,19144.0,1.0
20161013,2,18095.0,1.0
20161013,3,19515.0,1.0
20161014,2,17913.0,1.0
20161014,3,19382.0,1.0
20161017,2,17912.0,1.0
20161017,3,19517.0,1.0
20161018,2,17777.0,1.0
20161018,3,19443.0,1.0
20161019,2,17347.0,1.0
20161019,3,19518.0,1.0
20161020,2,17416.0,1.0
20161020,3,19936.0,1.0
20161021,2,17785.0,1.0
20161021,3,20318.0,1.0
20161024,2,17198.0,1.0
20161024,3,19390.0,1.0
20161025,2,16753.0,1.0
20161025,3,18408.0,1.0
20161026,2,16903.0,1.0
20161026,3,17678.0,1.0
20161027,2,16580.0,1.0
20161027,3,17716.0,1.0
20161028,2,16529.0,1.0
20161028,3,17474.0,1.0
20161031,2,16485.0,1.0
20161031,3,16634.0,1.0
20161101,2,15222.0,1.0
20161101,3,15627.0,1.0
20161102,2,15136.0,1.0
20161102,3,15483.0,1.0
20161103,2,14253.0,1.0
20161103,3,14677.0,1.0
20161104,2,13433.0,1.0
20161104,3,13871.0,1.0
20161107,2,22573.0,2.0
20161107,3,22011.0,2.0
20161108,2,21763.0,2.0
20161108,3,21269.0,2.0
20161109,2,21182.0,2.0
20161109,3,20564.0,2.0
20161110,2,20213.0,2.0
20161110,3,19734.0,2.0
20161111,2,19612.0,2.0
20161111,3,19031.0,2.0
20161114,2,19234.0,2.0
20161114,3,18703.0,2.0
20161115,2,18906.0,2.0
20161115,3,18704.0,2.0
20161116,2,18755.0,2.0
20161116,3,18176.0,2.0
20161117,2,19168.0,2.0
20161117,3,19102.0,2.0
20161118,2,18871.0,2.0
20161118,3,18545.0,2.0
20161121,2,18781.0,2.0
20161121,3,18387.0,2.0
20161122,2,19057.0,2.0
20161122,3,18446.0,2.0
20161123,2,18295.0,2.0
20161123,3,17827.0,2.0
20161124,2,18434.0,2.0
20161124,3,18163.0,2.0
20161125,2,18583.0,2.0
20161125,3,18340.0,2.0
20161128,2,18377.0,2.0
20161128,3,18185.0,2.0
20161129,2,19609.0,2.0
20161129,3,18762.0,2.0
20161130,2,19327.0,2.0
20161130,3,18774.0,2.0
20161201,2,20635.0,2.0
20161201,3,19963.0,2.0
20161202,2,20724.0,2.0
20161202,3,20271.0,2.0
20161205,2,22071.0,2.0
20161205,3,21226.0,2.0
20161206,2,23213.0,2.0
20161206,3,22408.0,2.0
20161207,2,23680.0,2.0
20161207,3,22717.0,2.0
20161208,2,23715.0,2.0
20161208,3,22922.0,2.0
20161209,2,23128.0,2.0
20161209,3,22183.0,2.0
20161212,2,22274.0,1.0
20161212,3,21424.0,1.0
20161213,2,22658.0,1.0
20161213,3,22315.0,1.0
20161214,2,23131.0,1.0
20161214,3,22864.0,1.0
20161215,2,21886.0,1.0
20161215,3,21586.0,1.0
20161216,2,21011.0,1.0
20161216,3,20050.0,1.0
20161219,2,20471.0,1.0
20161219,3,19301.0,1.0
20161220,2,21763.0,1.0
20161220,3,20807.0,1.0
20161221,2,18409.0,1.0
20161221,3,17653.0,1.0
20161222,2,16693.0,1.0
20161222,3,16257.0,1.0
20161223,2,16828.0,1.0
20161223,3,15937.0,1.0
20161226,2,16561.0,1.0
20161226,3,15797.0,1.0
20161227,2,16415.0,1.0
20161227,3,15165.0,1.0
20161228,2,14962.0,1.0
20161228,3,13979.0,1.0
20161229,2,13773.0,1.0
20161229,3,13366.0,1.0
20161230,2,13273.0,1.0
20161230,3,12810.0,1.0
20170103,2,12822.0,1.0
20170103,3,12361.0,1.0
20170104,2,12415.0,1.0
20170104,3,11844.0,1.0
20170105,2,11836.0,1.0
20170105,3,11555.0,1.0
20170106,2,11847.0,1.0
20170106,3,11245.0,1.0
20170109,2,11186.0,1.0
20170109,3,10802.0,1.0
20170110,2,10189.0,1.0
20170110,3,9705.0,1.0
20170111,2,9532.0,1.0
20170111,3,8985.0,1.0
20170112,2,8976.0,1.0
20170112,3,8496.0,1.0
20170113,2,8431.0,1.0
20170113,3,7841.0,1.0
20170116,2,8798.0,1.0
20170116,3,8011.0,1.0
20170117,2,8538.0,1.0
20170117,3,7855.0,1.0
20170118,2,8224.0,1.0
20170118,3,7617.0,1.0
20170119,2,8038.0,1.0
20170119,3,7661.0,1.0
20170120,2,8028.0,1.0
20170120,3,7616.0,1.0
20170123,2,7508.0,1.0
20170123,3,7160.0,1.0
20170124,2,7104.0,1.0
20170124,3,6775.0,1.0
20170125,2,6824.0,1.0
20170125,3,6341.0,1.0
20170126,2,16401.0,2.0
20170126,3,15499.0,2.0
20170203,2,17166.0,2.0
20170203,3,16205.0,2.0
20170206,2,17238.0,2.0
20170206,3,16201.0,2.0
20170207,2,16577.0,2.0
20170207,3,15474.0,2.0
20170208,2,15978.0,2.0
20170208,3,15051.0,2.0
20170209,2,15430.0,2.0
20170209,3,14476.0,2.0
20170210,2,15099.0,2.0
20170210,3,13930.0,2.0
20170213,2,14761.0,2.0
20170213,3,13873.0,2.0
20170214,2,15299.0,2.0
20170214,3,13840.0,2.0
20170215,2,15892.0,2.0
20170215,3,14181.0,2.0
20170216,2,15110.0,2.0
20170216,3,13980.0,2.0
20170217,2,14029.0,2.0
20170217,3,13013.0,2.0
20170220,2,12852.0,2.0
20170220,3,12479.0,2.0
20170221,2,12570.0,2.0
20170221,3,12383.0,2.0
20170222,2,12635.0,2.0
20170222,3,12533.0,2.0
20170223,2,12556.0,2.0
20170223,3,12490.0,2.0
20170224,2,12957.0,2.0
20170224,3,12726.0,2.0
20170227,2,13639.0,2.0
20170227,3,13058.0,2.0
20170228,2,13690.0,2.0
20170228,3,13486.0,2.0
20170301,2,13718.0,2.0
20170301,3,12971.0,2.0
20170302,2,14230.0,2.0
20170302,3,13858.0,2.0
20170303,2,15168.0,2.0
20170303,3,14779.0,2.0
20170306,2,15291.0,2.0
20170306,3,14829.0,2.0
20170307,2,14723.0,2.0
20170307,3,14325.0,2.0
20170308,2,15336.0,2.0
20170308,3,14333.0,2.0
20170309,2,15134.0,2.0
20170309,3,14468.0,2.0
20170310,2,14987.0,2.0
20170310,3,14318.0,2.0
20170313,2,14159.0,1.0
20170313,3,13837.0,1.0
20170314,2,13125.0,1.0
20170314,3,12706.0,1.0
20170315,2,12534.0,1.0
20170315,3,12227.0,1.0
20170316,2,11064.0,1.0
20170316,3,11053.0,1.0
20170317,2,11099.0,1.0
20170317,3,11086.0,1.0
20170320,2,11481.0,1.0
20170320,3,11542.0,1.0
20170321,2,11553.0,1.0
20170321,3,11639.0,1.0
20170322,2,12338.0,1.0
20170322,3,11881.0,1.0
20170323,2,12465.0,1.0
20170323,3,12316.0,1.0
20170324,2,14063.0,1.0
20170324,3,14085.0,1.0
20170327,2,14635.0,1.0
20170327,3,14671.0,1.0
20170328,2,14721.0,1.0
20170328,3,14847.0,1.0
20170329,2,14749.0,1.0
20170329,3,14993.0,1.0
20170330,2,14649.0,1.0
20170330,3,14569.0,1.0
20170331,2,14631.0,1.0
20170331,3,14462.0,1.0
20170405,2,14402.0,1.0
20170405,3,14532.0,1.0
20170406,2,14042.0,1.0
20170406,3,14350.0,1.0
20170407,2,14105.0,1.0
20170407,3,14186.0,1.0
20170410,2,14328.0,1.0
20170410,3,14321.0,1.0
20170411,2,14497.0,1.0
20170411,3,14481.0,1.0
20170412,2,16188.0,1.0
20170412,3,15887.0,1.0
20170413,2,17260.0,1.0
20170413,3,16903.0,1.0
20170414,2,17851.0,1.0
20170414,3,17362.0,1.0
20170417,2,18385.0,1.0
20170417,3,17909.0,1.0
20170418,2,17877.0,1.0
20170418,3,17400.0,1.0
20170419,2,18025.0,1.0
20170419,3,17664.0,1.0
20170420,2,18188.0,1.0
20170420,3,17747.0,1.0
20170421,2,18745.0,1.0
20170421,3,18096.0,1.0
20170424,2,19863.0,1.0
20170424,3,19138.0,1.0
20170425,2,18871.0,1.0
20170425,3,18542.0,1.0
20170426,2,19501.0,1.0
20170426,3,18897.0,1.0
20170427,2,19831.0,1.0
20170427,3,19455.0,1.0
20170428,2,20074.0,1.0
20170428,3,19353.0,1.0
20170502,2,19765.0,1.0
20170502,3,18595.0,1.0
20170503,2,19603.0,1.0
20170503,3,18422.0,1.0
20170504,2,19421.0,1.0
20170504,3,18149.0,1.0
20170505,2,18209.0,1.0
20170505,3,16968.0,1.0
20170508,2,16768.0,1.0
20170508,3,15469.0,1.0
20170509,2,26057.0,2.0
20170509,3,25255.0,2.0
20170510,2,30938.0,2.0
20170510,3,29795.0,2.0
20170511,2,33088.0,2.0
20170511,3,32276.0,2.0
20170512,2,32996.0,2.0
20170512,3,31644.0,2.0
20170515,2,33621.0,2.0
20170515,3,32125.0,2.0
20170516,2,31955.0,2.0
20170516,3,30330.0,2.0
20170517,2,31958.0,2.0
20170517,3,30370.0,2.0
20170518,2,31786.0,2.0
20170518,3,30709.0,2.0
20170519,2,31971.0,2.0
20170519,3,30738.0,2.0
20170522,2,32351.0,2.0
20170522,3,30969.0,2.0
20170523,2,32486.0,2.0
20170523,3,31579.0,2.0
20170524,2,31450.0,2.0
20170524,3,31882.0,2.0
20170525,2,30355.0,2.0
20170525,3,30922.0,2.0
20170526,2,29557.0,2.0
20170526,3,29905.0,2.0
20170531,2,29848.0,2.0
20170531,3,30415.0,2.0
20170601,2,29727.0,2.0
20170601,3,30580.0,2.0
20170602,2,29522.0,2.0
20170602,3,30301.0,2.0
20170605,2,30400.0,2.0
20170605,3,30810.0,2.0
20170606,2,30623.0,2.0
20170606,3,30760.0,2.0
20170607,2,32279.0,2.0
20170607,3,31255.0,2.0
20170608,2,32807.0,2.0
20170608,3,31961.0,2.0
20170609,2,33305.0,2.0
20170609,3,32238.0,2.0
20170612,2,34177.0,1.0
20170612,3,33423.0,1.0
20170613,2,35119.0,1.0
20170613,3,34262.0,1.0
20170614,2,38845.0,1.0
20170614,3,38027.0,1.0
20170615,2,39417.0,1.0
20170615,3,38562.0,1.0
20170616,2,39838.0,1.0
20170616,3,39338.0,1.0
20170619,2,41348.0,1.0
20170619,3,41018.0,1.0
20170620,2,41466.0,1.0
20170620,3,41318.0,1.0
20170621,2,42124.0,1.0
20170621,3,42523.0,1.0
20170622,2,42969.0,1.0
20170622,3,42732.0,1.0
20170623,2,43574.0,1.0
20170623,3,43529.0,1.0
20170626,2,42475.0,1.0
20170626,3,43388.0,1.0
20170627,2,43241.0,1.0
20170627,3,43495.0,1.0
20170628,2,43501.0,1.0
20170628,3,43856.0,1.0
20170629,2,43905.0,1.0
20170629,3,43640.0,1.0
20170630,2,43894.0,1.0
20170630,3,43627.0,1.0
20170703,2,44305.0,1.0
20170703,3,43874.0,1.0
20170704,2,44405.0,1.0
20170704,3,44193.0,1.0
20170705,2,44690.0,1.0
20170705,3,44344.0,1.0
20170706,2,44890.0,1.0
20170706,3,45090.0,1.0
20170707,2,45499.0,1.0
20170707,3,45560.0,1.0
20170710,2,45112.0,1.0
20170710,3,45582.0,1.0
20170711,2,46250.0,1.0
20170711,3,46949.0,1.0
20170712,2,46361.0,1.0
20170712,3,47539.0,1.0
20170713,2,46172.0,1.0
20170713,3,46730.0,1.0
20170714,2,45397.0,1.0
20170714,3,46358.0,1.0
20170717,2,43713.0,1.0
20170717,3,44953.0,1.0
20170718,2,53132.0,2.0
20170718,3,54379.0,2.0
20170719,2,53544.0,2.0
20170719,3,54299.0,2.0
20170720,2,53622.0,2.0
20170720,3,54971.0,2.0
20170721,2,53929.0,2.0
20170721,3,54948.0,2.0
20170724,2,53705.0,2.0
20170724,3,55058.0,2.0
20170725,2,53866.0,2.0
20170725,3,54683.0,2.0
20170726,2,54479.0,2.0
20170726,3,54983.0,2.0
20170727,2,53808.0,2.0
20170727,3,54437.0,2.0
20170728,2,53664.0,2.0
20170728,3,54246.0,2.0
20170731,2,52771.0,2.0
20170731,3,53572.0,2.0
20170801,2,51304.0,2.0
20170801,3,51531.0,2.0
20170802,2,49611.0,2.0
20170802,3,50643.0,2.0
20170803,2,48205.0,2.0
20170803,3,49571.0,2.0
20170804,2,46921.0,2.0
20170804,3,48629.0,2.0
20170807,2,46585.0,2.0
20170807,3,47767.0,2.0
20170808,2,45439.0,2.0
20170808,3,47056.0,2.0
20170809,2,43656.0,2.0
20170809,3,45161.0,2.0
20170810,2,42136.0,2.0
20170810,3,43793.0,2.0
20170811,2,41440.0,2.0
20170811,3,43460.0,2.0
20170814,2,40674.0,2.0
20170814,3,43318.0,2.0
20170815,2,39056.0,2.0
20170815,3,41588.0,2.0
20170816,2,37887.0,2.0
20170816,3,40778.0,2.0
20170817,2,37921.0,2.0
20170817,3,40981.0,2.0
20170818,2,37035.0,2.0
20170818,3,40843.0,2.0
20170821,2,37018.0,2.0
20170821,3,41259.0,2.0
20170822,2,37677.0,2.0
20170822,3,41634.0,2.0
20170823,2,38000.0,2.0
20170823,3,42181.0,2.0
20170824,2,38562.0,2.0
20170824,3,42662.0,2.0
20170825,2,38386.0,2.0
20170825,3,42357.0,2.0
20170828,2,38356.0,2.0
20170828,3,41755.0,2.0
20170829,2,38976.0,2.0
20170829,3,42284.0,2.0
20170830,2,38632.0,2.0
20170830,3,41961.0,2.0
20170831,2,39508.0,2.0
20170831,3,42534.0,2.0
20170901,2,39695.0,2.0
20170901,3,42086.0,2.0
20170904,2,40112.0,2.0
20170904,3,42544.0,2.0
20170905,2,40208.0,2.0
20170905,3,42512.0,2.0
20170906,2,40061.0,2.0
20170906,3,42566.0,2.0
20170907,2,39863.0,2.0
20170907,3,42817.0,2.0
20170908,2,40122.0,2.0
20170908,3,42435.0,2.0
20170911,2,41305.0,1.0
20170911,3,43923.0,1.0
20170912,2,42979.0,1.0
20170912,3,45406.0,1.0
20170913,2,45583.0,1.0
20170913,3,48527.0,1.0
20170914,2,46628.0,1.0
20170914,3,50051.0,1.0
20170915,2,47746.0,1.0
20170915,3,50676.0,1.0
20170918,2,51913.0,1.0
20170918,3,53627.0,1.0
20170919,2,52009.0,1.0
20170919,3,54476.0,1.0
20170920,2,52537.0,1.0
20170920,3,56204.0,1.0
20170921,2,52241.0,1.0
20170921,3,56057.0,1.0
20170922,2,52475.0,1.0
20170922,3,56422.0,1.0
20170925,2,52963.0,1.0
20170925,3,56695.0,1.0
20170926,2,53005.0,1.0
20170926,3,56698.0,1.0
20170927,2,53247.0,1.0
20170927,3,56490.0,1.0
20170928,2,54211.0,1.0
20170928,3,56787.0,1.0
20170929,2,53875.0,1.0
20170929,3,56527.0,1.0
20171009,2,54547.0,1.0
20171009,3,56674.0,1.0
20171010,2,54078.0,1.0
20171010,3,56834.0,1.0
20171011,2,54248.0,1.0
20171011,3,56560.0,1.0
20171012,2,55086.0,1.0
20171012,3,56870.0,1.0
20171013,2,55753.0,1.0
20171013,3,57311.0,1.0
20171016,2,54927.0,1.0
20171016,3,57275.0,1.0
20171017,2,53871.0,1.0
20171017,3,56026.0,1.0
20171018,2,54635.0,1.0
20171018,3,57501.0,1.0
20171019,2,54724.0,1.0
20171019,3,56440.0,1.0
20171020,2,55417.0,1.0
20171020,3,57583.0,1.0
20171023,2,54961.0,1.0
20171023,3,57554.0,1.0
20171024,2,54446.0,1.0
20171024,3,57375.0,1.0
20171025,2,55524.0,1.0
20171025,3,57835.0,1.0
20171026,2,53686.0,1.0
20171026,3,56584.0,1.0
20171027,2,52193.0,1.0
20171027,3,55379.0,1.0
20171030,2,49646.0,1.0
20171030,3,52301.0,1.0
20171031,2,47009.0,1.0
20171031,3,50149.0,1.0
20171101,2,54581.0,2.0
20171101,3,58057.0,2.0
20171102,2,53991.0,2.0
20171102,3,57510.0,2.0
20171103,2,54234.0,2.0
20171103,3,56894.0,2.0
20171106,2,54985.0,2.0
20171106,3,56571.0,2.0
20171107,2,54183.0,2.0
20171107,3,56074.0,2.0
20171108,2,52319.0,2.0
20171108,3,53565.0,2.0
20171109,2,50320.0,2.0
20171109,3,52092.0,2.0
20171110,2,49873.0,2.0
20171110,3,50786.0,2.0
20171113,2,49455.0,2.0
20171113,3,48709.0,2.0
20171114,2,47940.0,2.0
20171114,3,46691.0,2.0
20171115,2,48927.0,2.0
20171115,3,46813.0,2.0
20171116,2,48225.0,2.0
20171116,3,46074.0,2.0
20171117,2,46913.0,2.0
20171117,3,45091.0,2.0
20171120,2,45895.0,2.0
20171120,3,43860.0,2.0
20171121,2,44098.0,2.0
20171121,3,42937.0,2.0
20171122,2,43511.0,2.0
20171122,3,42090.0,2.0
20171123,2,42910.0,2.0
20171123,3,41288.0,2.0
20171124,2,42709.0,2.0
20171124,3,41649.0,2.0
20171127,2,43435.0,2.0
20171127,3,42532.0,2.0
20171128,2,43943.0,2.0
20171128,3,43495.0,2.0
20171129,2,43492.0,2.0
20171129,3,43364.0,2.0
20171130,2,43641.0,2.0
20171130,3,43599.0,2.0
20171201,2,43476.0,2.0
20171201,3,43219.0,2.0
20171204,2,42414.0,2.0
20171204,3,42258.0,2.0
20171205,2,41736.0,2.0
20171205,3,41383.0,2.0
20171206,2,40982.0,2.0
20171206,3,40855.0,2.0
20171207,2,40731.0,2.0
20171207,3,40666.0,2.0
20171208,2,41039.0,2.0
20171208,3,40267.0,2.0
20171211,2,40732.0,1.0
20171211,3,39983.0,1.0
20171212,2,40898.0,1.0
20171212,3,39887.0,1.0
20171213,2,41634.0,1.0
20171213,3,40967.0,1.0
20171214,2,41470.0,1.0
20171214,3,40982.0,1.0
20171215,2,41694.0,1.0
20171215,3,41514.0,1.0
20171218,2,41804.0,1.0
20171218,3,42115.0,1.0
20171219,2,41528.0,1.0
20171219,3,41938.0,1.0
20171220,2,42004.0,1.0
20171220,3,42278.0,1.0
20171221,2,41981.0,1.0
20171221,3,42312.0,1.0
20171222,2,42330.0,1.0
20171222,3,42642.0,1.0
20171225,2,42100.0,1.0
20171225,3,42425.0,1.0
20171226,2,41960.0,1.0
20171226,3,42346.0,1.0
20171227,2,42230.0,1.0
20171227,3,42601.0,1.0
20171228,2,42039.0,1.0
20171228,3,42554.0,1.0
20171229,2,42268.0,1.0
20171229,3,43058.0,1.0
20180102,2,42375.0,1.0
20180102,3,42469.0,1.0
20180103,2,42744.0,1.0
20180103,3,42693.0,1.0
20180104,2,42329.0,1.0
20180104,3,41836.0,1.0
20180105,2,41726.0,1.0
20180105,3,41273.0,1.0
20180108,2,41387.0,1.0
20180108,3,40986.0,1.0
20180109,2,40575.0,1.0
20180109,3,40264.0,1.0
20180110,2,39784.0,1.0
20180110,3,39854.0,1.0
20180111,2,38095.0,1.0
20180111,3,38315.0,1.0
20180112,2,37120.0,1.0
20180112,3,37232.0,1.0
20180115,2,37392.0,1.0
20180115,3,36961.0,1.0
20180116,2,36798.0,1.0
20180116,3,36053.0,1.0
20180117,2,37160.0,1.0
20180117,3,36714.0,1.0
20180118,2,36961.0,1.0
20180118,3,36463.0,1.0
20180119,2,35348.0,1.0
20180119,3,35098.0,1.0
20180122,2,34683.0,1.0
20180122,3,34321.0,1.0
20180123,2,33721.0,1.0
20180123,3,33105.0,1.0
20180124,2,31679.0,1.0
20180124,3,31184.0,1.0
20180125,2,29628.0,1.0
20180125,3,29152.0,1.0
20180126,2,28244.0,1.0
20180126,3,27670.0,1.0
20180129,2,27299.0,1.0
20180129,3,26694.0,1.0
20180130,2,26286.0,1.0
20180130,3,25722.0,1.0
20180131,2,24935.0,1.0
20180131,3,24562.0,1.0
20180201,2,21231.0,1.0
20180201,3,21128.0,1.0
20180202,2,20207.0,1.0
20180202,3,20270.0,1.0
20180205,2,18925.0,1.0
20180205,3,18803.0,1.0
20180206,2,17094.0,1.0
20180206,3,16957.0,1.0
20180207,2,25156.0,2.0
20180207,3,24853.0,2.0
20180208,2,24048.0,2.0
20180208,3,23723.0,2.0
20180209,2,22778.0,2.0
20180209,3,22955.0,2.0
20180212,2,21390.0,2.0
20180212,3,21529.0,2.0
20180213,2,20070.0,2.0
20180213,3,20194.0,2.0
20180214,2,19636.0,2.0
20180214,3,19783.0,2.0
20180222,2,19716.0,2.0
20180222,3,19736.0,2.0
20180223,2,19370.0,2.0
20180223,3,19461.0,2.0
20180226,2,18852.0,2.0
20180226,3,19142.0,2.0
20180227,2,17868.0,2.0
20180227,3,18182.0,2.0
20180228,2,17923.0,2.0
20180228,3,18081.0,2.0
20180301,2,17684.0,2.0
20180301,3,17815.0,2.0
20180302,2,17604.0,2.0
20180302,3,18298.0,2.0
20180305,2,17114.0,2.0
20180305,3,17857.0,2.0
20180306,2,17296.0,2.0
20180306,3,18286.0,2.0
20180307,2,17079.0,2.0
20180307,3,18019.0,2.0
20180308,2,17183.0,2.0
20180308,3,18170.0,2.0
20180309,2,16021.0,2.0
20180309,3,17100.0,2.0
20180312,2,15967.0,1.0
20180312,3,17127.0,1.0
20180313,2,15914.0,1.0
20180313,3,16906.0,1.0
20180314,2,15933.0,1.0
20180314,3,16549.0,1.0
20180315,2,16038.0,1.0
20180315,3,16812.0,1.0
20180316,2,15782.0,1.0
20180316,3,16570.0,1.0
20180319,2,15663.0,1.0
20180319,3,16548.0,1.0
20180320,2,16605.0,1.0
20180320,3,17564.0,1.0
20180321,2,16986.0,1.0
20180321,3,18109.0,1.0
20180322,2,16817.0,1.0
20180322,3,17966.0,1.0
20180323,2,16386.0,1.0
20180323,3,17713.0,1.0
20180326,2,16461.0,1.0
20180326,3,17907.0,1.0
20180327,2,16644.0,1.0
20180327,3,18387.0,1.0
20180328,2,16934.0,1.0
20180328,3,18518.0,1.0
20180329,2,16924.0,1.0
20180329,3,18471.0,1.0
20180330,2,16752.0,1.0
20180330,3,17947.0,1.0
20180402,2,16325.0,1.0
20180402,3,17714.0,1.0
20180403,2,16742.0,1.0
20180403,3,17979.0,1.0
20180404,2,17045.0,1.0
20180404,3,18209.0,1.0
20180409,2,17191.0,1.0
20180409,3,18662.0,1.0
20180410,2,17081.0,1.0
20180410,3,18432.0,1.0
20180411,2,16773.0,1.0
20180411,3,18284.0,1.0
20180412,2,16617.0,1.0
20180412,3,18314.0,1.0
20180413,2,15825.0,1.0
20180413,3,17658.0,1.0
20180416,2,16106.0,1.0
20180416,3,18663.0,1.0
20180417,2,16912.0,1.0
20180417,3,19188.0,1.0
20180418,2,15935.0,1.0
20180418,3,17796.0,1.0
20180419,2,15822.0,1.0
20180419,3,17761.0,1.0
20180420,2,15976.0,1.0
20180420,3,17728.0,1.0
20180423,2,15891.0,1.0
20180423,3,17590.0,1.0
20180424,2,16343.0,1.0
20180424,3,18115.0,1.0
20180425,2,16821.0,1.0
20180425,3,18393.0,1.0
20180426,2,16705.0,1.0
20180426,3,18127.0,1.0
20180427,2,15754.0,1.0
20180427,3,16689.0,1.0
20180502,2,15420.0,1.0
20180502,3,16101.0,1.0
20180503,2,15020.0,1.0
20180503,3,15464.0,1.0
20180504,2,14377.0,1.0
20180504,3,14654.0,1.0
20180507,2,13435.0,1.0
20180507,3,13663.0,1.0
20180508,2,12428.0,1.0
20180508,3,12263.0,1.0
20180509,2,11576.0,1.0
20180509,3,11378.0,1.0
20180510,2,11155.0,1.0
20180510,3,11000.0,1.0
20180511,2,9449.0,1.0
20180511,3,9453.0,1.0
20180514,2,9009.0,1.0
20180514,3,8890.0,1.0
20180515,2,7766.0,1.0
20180515,3,7689.0,1.0
20180516,2,15746.0,2.0
20180516,3,15593.0,2.0
20180517,2,14897.0,2.0
20180517,3,14705.0,2.0
20180518,2,14373.0,2.0
20180518,3,14195.0,2.0
20180521,2,13668.0,2.0
20180521,3,13835.0,2.0
20180522,2,13645.0,2.0
20180522,3,13954.0,2.0
20180523,2,14345.0,2.0
20180523,3,14714.0,2.0
20180524,2,14267.0,2.0
20180524,3,14430.0,2.0
20180525,2,14235.0,2.0
20180525,3,14445.0,2.0
20180528,2,14068.0,2.0
20180528,3,14587.0,2.0
20180529,2,13932.0,2.0
20180529,3,14662.0,2.0
20180530,2,12763.0,2.0
20180530,3,13520.0,2.0
20180531,2,12466.0,2.0
20180531,3,13095.0,2.0
20180601,2,12609.0,2.0
20180601,3,13185.0,2.0
20180604,2,13464.0,2.0
20180604,3,13935.0,2.0
20180605,2,13636.0,2.0
20180605,3,14005.0,2.0
20180606,2,14041.0,2.0
20180606,3,14505.0,2.0
20180607,2,14440.0,2.0
20180607,3,14842.0,2.0
20180608,2,15155.0,2.0
20180608,3,15622.0,2.0
20180611,2,15333.0,1.0
20180611,3,15889.0,1.0
20180612,2,15360.0,1.0
20180612,3,15695.0,1.0
20180613,2,14936.0,1.0
20180613,3,15203.0,1.0
20180614,2,15383.0,1.0
20180614,3,15946.0,1.0
20180615,2,15627.0,1.0
20180615,3,16364.0,1.0
20180619,2,16008.0,1.0
20180619,3,17228.0,1.0
20180620,2,15725.0,1.0
20180620,3,17538.0,1.0
20180621,2,15909.0,1.0
20180621,3,17843.0,1.0
20180622,2,16218.0,1.0
20180622,3,18325.0,1.0
20180625,2,16771.0,1.0
20180625,3,18578.0,1.0
20180626,2,16820.0,1.0
20180626,3,18711.0,1.0
20180627,2,17292.0,1.0
20180627,3,19103.0,1.0
20180628,2,17649.0,1.0
20180628,3,19327.0,1.0
20180629,2,18047.0,1.0
20180629,3,20015.0,1.0
20180702,2,17822.0,1.0
20180702,3,19596.0,1.0
20180703,2,17484.0,1.0
20180703,3,19142.0,1.0
20180704,2,16736.0,1.0
20180704,3,18616.0,1.0
20180705,2,16469.0,1.0
20180705,3,18224.0,1.0
20180706,2,16987.0,1.0
20180706,3,18322.0,1.0
20180709,2,16851.0,1.0
20180709,3,18119.0,1.0
20180710,2,16855.0,1.0
20180710,3,18172.0,1.0
20180711,2,16762.0,1.0
20180711,3,18452.0,1.0
20180712,2,16711.0,1.0
20180712,3,18237.0,1.0
20180713,2,17000.0,1.0
20180713,3,18525.0,1.0
20180716,2,17449.0,1.0
20180716,3,18693.0,1.0
20180717,2,17383.0,1.0
20180717,3,18622.0,1.0
20180718,2,17448.0,1.0
20180718,3,18745.0,1.0
20180719,2,18369.0,1.0
20180719,3,19760.0,1.0
20180720,2,17733.0,1.0
20180720,3,18878.0,1.0
20180723,2,17106.0,1.0
20180723,3,18132.0,1.0
20180724,2,16549.0,1.0
20180724,3,17414.0,1.0
20180725,2,16374.0,1.0
20180725,3,17312.0,1.0
20180726,2,16590.0,1.0
20180726,3,17324.0,1.0
20180727,2,16433.0,1.0
20180727,3,16964.0,1.0
20180730,2,16111.0,1.0
20180730,3,16691.0,1.0
20180731,2,15396.0,1.0
20180731,3,16160.0,1.0
20180801,2,15200.0,1.0
20180801,3,15946.0,1.0
20180802,2,14634.0,1.0
20180802,3,15100.0,1.0
20180803,2,13639.0,1.0
20180803,3,14202.0,1.0
20180806,2,12553.0,1.0
20180806,3,13109.0,1.0
20180807,2,12241.0,1.0
20180807,3,12508.0,1.0
20180808,2,12083.0,1.0
20180808,3,12202.0,1.0
20180809,2,11511.0,1.0
20180809,3,11495.0,1.0
20180810,2,20823.0,2.0
20180810,3,21291.0,2.0
20180813,2,21120.0,2.0
20180813,3,21506.0,2.0
20180814,2,20610.0,2.0
20180814,3,21085.0,2.0
20180815,2,20199.0,2.0
20180815,3,20616.0,2.0
20180816,2,19722.0,2.0
20180816,3,20114.0,2.0
20180817,2,18267.0,2.0
20180817,3,18333.0,2.0
20180820,2,17471.0,2.0
20180820,3,17771.0,2.0
20180821,2,17278.0,2.0
20180821,3,18028.0,2.0
20180822,2,16761.0,2.0
20180822,3,17415.0,2.0
20180823,2,16635.0,2.0
20180823,3,17354.0,2.0
20180824,2,17042.0,2.0
20180824,3,17534.0,2.0
20180827,2,16935.0,2.0
20180827,3,17280.0,2.0
20180828,2,16728.0,2.0
20180828,3,16973.0,2.0
20180829,2,16783.0,2.0
20180829,3,16978.0,2.0
20180830,2,15562.0,2.0
20180830,3,15796.0,2.0
20180831,2,15309.0,2.0
20180831,3,15498.0,2.0
20180903,2,15732.0,2.0
20180903,3,15648.0,2.0
20180904,2,15314.0,2.0
20180904,3,15221.0,2.0
20180905,2,16031.0,2.0
20180905,3,15655.0,2.0
20180906,2,16150.0,2.0
20180906,3,16051.0,2.0
20180907,2,16352.0,2.0
20180907,3,16220.0,2.0
20180910,2,16777.0,2.0
20180910,3,16224.0,2.0
20180911,2,16895.0,2.0
20180911,3,15869.0,2.0
20180912,2,17651.0,2.0
20180912,3,16945.0,2.0
20180913,2,17844.0,2.0
20180913,3,16806.0,2.0
20180914,2,16685.0,2.0
20180914,3,15697.0,2.0
20180917,2,17226.0,1.0
20180917,3,16100.0,1.0
20180918,2,17638.0,1.0
20180918,3,16319.0,1.0
20180919,2,17707.0,1.0
20180919,3,16746.0,1.0
20180920,2,18272.0,1.0
20180920,3,17232.0,1.0
20180921,2,18128.0,1.0
20180921,3,17080.0,1.0
20180925,2,18184.0,1.0
20180925,3,17179.0,1.0
20180926,2,18354.0,1.0
20180926,3,17568.0,1.0
20180927,2,17760.0,1.0
20180927,3,17307.0,1.0
20180928,2,17674.0,1.0
20180928,3,17216.0,1.0
20181008,2,17400.0,1.0
20181008,3,17217.0,1.0
20181009,2,16666.0,1.0
20181009,3,16448.0,1.0
20181010,2,16225.0,1.0
20181010,3,15834.0,1.0
20181011,2,15591.0,1.0
20181011,3,15804.0,1.0
20181012,2,15756.0,1.0
20181012,3,15892.0,1.0
20181015,2,15876.0,1.0
20181015,3,15783.0,1.0
20181016,2,16059.0,1.0
20181016,3,16091.0,1.0
20181017,2,15802.0,1.0
20181017,3,15577.0,1.0
20181018,2,15868.0,1.0
20181018,3,16142.0,1.0
20181019,2,15799.0,1.0
20181019,3,15984.0,1.0
20181022,2,15470.0,1.0
20181022,3,15837.0,1.0
20181023,2,15951.0,1.0
20181023,3,16563.0,1.0
20181024,2,15998.0,1.0
20181024,3,16551.0,1.0
20181025,2,16208.0,1.0
20181025,3,17118.0,1.0
20181026,2,16307.0,1.0
20181026,3,17151.0,1.0
20181029,2,15771.0,1.0
20181029,3,16850.0,1.0
20181030,2,15399.0,1.0
20181030,3,16261.0,1.0
20181031,2,15299.0,1.0
20181031,3,16204.0,1.0
20181101,2,15590.0,1.0
20181101,3,16296.0,1.0
20181102,2,15250.0,1.0
20181102,3,15758.0,1.0
20181105,2,14745.0,1.0
20181105,3,15001.0,1.0
20181106,2,13635.0,1.0
20181106,3,13723.0,1.0
20181107,2,12484.0,1.0
20181107,3,12730.0,1.0
20181108,2,11967.0,1.0
20181108,3,12032.0,1.0
20181109,2,11550.0,1.0
20181109,3,11660.0,1.0
20181112,2,10674.0,1.0
20181112,3,10832.0,1.0
20181113,2,10380.0,1.0
20181113,3,10444.0,1.0
20181114,2,9793.0,1.0
20181114,3,9821.0,1.0
20181115,2,8579.0,1.0
20181115,3,8814.0,1.0
20181116,2,7599.0,1.0
20181116,3,8136.0,1.0
20181119,2,16470.0,2.0
20181119,3,17383.0,2.0
20181120,2,16410.0,2.0
20181120,3,17213.0,2.0
20181121,2,16241.0,2.0
20181121,3,16857.0,2.0
20181122,2,16007.0,2.0
20181122,3,16543.0,2.0
20181123,2,15657.0,2.0
20181123,3,16196.0,2.0
20181126,2,15554.0,2.0
20181126,3,16090.0,2.0
20181127,2,15731.0,2.0
20181127,3,16299.0,2.0
20181128,2,15882.0,2.0
20181128,3,16400.0,2.0
20181129,2,14142.0,2.0
20181129,3,14808.0,2.0
20181130,2,14194.0,2.0
20181130,3,14811.0,2.0
20181203,2,14276.0,2.0
20181203,3,14973.0,2.0
20181204,2,15280.0,2.0
20181204,3,16052.0,2.0
20181205,2,15299.0,2.0
20181205,3,15993.0,2.0
20181206,2,15250.0,2.0
20181206,3,16105.0,2.0
20181207,2,14965.0,2.0
20181207,3,15711.0,2.0
20181210,2,13869.0,2.0
20181210,3,14667.0,2.0
20181211,2,14159.0,2.0
20181211,3,14861.0,2.0
20181212,2,14372.0,2.0
20181212,3,15178.0,2.0
20181213,2,13820.0,2.0
20181213,3,14142.0,2.0
20181214,2,13696.0,2.0
20181214,3,14098.0,2.0
20181217,2,13979.0,1.0
20181217,3,14254.0,1.0
20181218,2,13222.0,1.0
20181218,3,13331.0,1.0
20181219,2,12693.0,1.0
20181219,3,12893.0,1.0
20181220,2,12486.0,1.0
20181220,3,12640.0,1.0
20181221,2,12627.0,1.0
20181221,3,12714.0,1.0
20181224,2,12907.0,1.0
20181224,3,12992.0,1.0
20181225,2,12408.0,1.0
20181225,3,12424.0,1.0
20181226,2,12916.0,1.0
20181226,3,13248.0,1.0
20181227,2,13042.0,1.0
20181227,3,13569.0,1.0
20181228,2,13080.0,1.0
20181228,3,13937.0,1.0
20190102,2,13427.0,1.0
20190102,3,14242.0,1.0
20190103,2,13398.0,1.0
20190103,3,14181.0,1.0
20190104,2,13743.0,1.0
20190104,3,14282.0,1.0
20190107,2,13784.0,1.0
20190107,3,14363.0,1.0
20190108,2,14051.0,1.0
20190108,3,14713.0,1.0
20190109,2,13997.0,1.0
20190109,3,14458.0,1.0
20190110,2,13763.0,1.0
20190110,3,14288.0,1.0
20190111,2,14066.0,1.0
20190111,3,14596.0,1.0
20190114,2,14388.0,1.0
20190114,3,14828.0,1.0
20190115,2,14825.0,1.0
20190115,3,15320.0,1.0
20190116,2,15044.0,1.0
20190116,3,15453.0,1.0
20190117,2,15010.0,1.0
20190117,3,15398.0,1.0
20190118,2,15194.0,1.0
20190118,3,15558.0,1.0
20190121,2,15523.0,1.0
20190121,3,15809.0,1.0
20190122,2,16014.0,1.0
20190122,3,16343.0,1.0
20190123,2,15792.0,1.0
20190123,3,15735.0,1.0
20190124,2,15819.0,1.0
20190124,3,15588.0,1.0
20190125,2,15801.0,1.0
20190125,3,15894.0,1.0
20190128,2,15756.0,1.0
20190128,3,15768.0,1.0
20190129,2,15306.0,1.0
20190129,3,15367.0,1.0
20190130,2,14545.0,1.0
20190130,3,14560.0,1.0
20190131,2,14317.0,1.0
20190131,3,14248.0,1.0
20190201,2,13825.0,1.0
20190201,3,13869.0,1.0
20190211,2,12435.0,1.0
20190211,3,12722.0,1.0
20190212,2,11448.0,1.0
20190212,3,11593.0,1.0
20190213,2,10710.0,1.0
20190213,3,10665.0,1.0
20190214,2,9230.0,1.0
20190214,3,8785.0,1.0
20190215,2,8545.0,1.0
20190215,3,8163.0,1.0
20190218,2,7075.0,1.0
20190218,3,6771.0,1.0
20190219,2,5696.0,1.0
20190219,3,5823.0,1.0
20190220,2,3844.0,1.0
20190220,3,3913.0,1.0
20190221,2,11807.0,2.0
20190221,3,11891.0,2.0
20190222,2,11076.0,2.0
20190222,3,11013.0,2.0
20190225,2,11202.0,2.0
20190225,3,11174.0,2.0
20190226,2,12412.0,2.0
20190226,3,12000.0,2.0
20190227,2,11881.0,2.0
20190227,3,11233.0,2.0
20190228,2,11972.0,2.0
20190228,3,10968.0,2.0
20190301,2,12189.0,2.0
20190301,3,11410.0,2.0
20190304,2,12492.0,2.0
20190304,3,11887.0,2.0
20190305,2,12739.0,2.0
20190305,3,12073.0,2.0
20190306,2,12510.0,2.0
20190306,3,12015.0,2.0
20190307,2,12676.0,2.0
20190307,3,12390.0,2.0
20190308,2,12958.0,2.0
20190308,3,12688.0,2.0
20190311,2,12927.0,1.0
20190311,3,12945.0,1.0
20190312,2,12916.0,1.0
20190312,3,13153.0,1.0
20190313,2,12923.0,1.0
20190313,3,13126.0,1.0
20190314,2,13422.0,1.0
20190314,3,13399.0,1.0
20190315,2,14413.0,1.0
20190315,3,14860.0,1.0
20190318,2,14655.0,1.0
20190318,3,15044.0,1.0
20190319,2,14600.0,1.0
20190319,3,15013.0,1.0
20190320,2,15103.0,1.0
20190320,3,15497.0,1.0
20190321,2,15007.0,1.0
20190321,3,15652.0,1.0
20190322,2,15065.0,1.0
20190322,3,15878.0,1.0
20190325,2,15412.0,1.0
20190325,3,16585.0,1.0
20190326,2,15894.0,1.0
20190326,3,17179.0,1.0
20190327,2,15922.0,1.0
20190327,3,17174.0,1.0
20190328,2,16248.0,1.0
20190328,3,17249.0,1.0
20190329,2,16513.0,1.0
20190329,3,17404.0,1.0
20190401,2,15836.0,1.0
20190401,3,16585.0,1.0
20190402,2,15169.0,1.0
20190402,3,15624.0,1.0
20190403,2,15556.0,1.0
20190403,3,15472.0,1.0
20190404,2,15465.0,1.0
20190404,3,15548.0,1.0
20190408,2,15949.0,1.0
20190408,3,16164.0,1.0
20190409,2,16924.0,1.0
20190409,3,16840.0,1.0
20190410,2,18509.0,1.0
20190410,3,19308.0,1.0
20190411,2,18697.0,1.0
20190411,3,19169.0,1.0
20190412,2,19132.0,1.0
20190412,3,19195.0,1.0
20190415,2,19732.0,1.0
20190415,3,19663.0,1.0
20190416,2,19817.0,1.0
20190416,3,19695.0,1.0
20190417,2,19430.0,1.0
20190417,3,19321.0,1.0
20190418,2,19299.0,1.0
20190418,3,19117.0,1.0
20190419,2,19466.0,1.0
20190419,3,18757.0,1.0
20190422,2,19561.0,1.0
20190422,3,18796.0,1.0
20190423,2,19648.0,1.0
20190423,3,18954.0,1.0
20190424,2,20325.0,1.0
20190424,3,19177.0,1.0
20190425,2,20354.0,1.0
20190425,3,19223.0,1.0
20190426,2,20213.0,1.0
20190426,3,19209.0,1.0
20190429,2,20192.0,1.0
20190429,3,19253.0,1.0
20190430,2,19529.0,1.0
20190430,3,19130.0,1.0
20190506,2,18755.0,1.0
20190506,3,18529.0,1.0
20190507,2,18546.0,1.0
20190507,3,18443.0,1.0
20190508,2,17176.0,1.0
20190508,3,17332.0,1.0
20190509,2,16123.0,1.0
20190509,3,16419.0,1.0
20190510,2,14790.0,1.0
20190510,3,15436.0,1.0
20190513,2,13922.0,1.0
20190513,3,14604.0,1.0
20190514,2,13455.0,1.0
20190514,3,14032.0,1.0
20190515,2,12013.0,1.0
20190515,3,12719.0,1.0
20190516,2,10700.0,1.0
20190516,3,11403.0,1.0
20190517,2,9449.0,1.0
20190517,3,9933.0,1.0
20190520,2,8053.0,1.0
20190520,3,8544.0,1.0
20190521,2,16657.0,2.0
20190521,3,16817.0,2.0
20190522,2,16683.0,2.0
20190522,3,16755.0,2.0
20190523,2,16615.0,2.0
20190523,3,16952.0,2.0
20190524,2,16349.0,2.0
20190524,3,16757.0,2.0
20190527,2,17036.0,2.0
20190527,3,16952.0,2.0
20190528,2,16682.0,2.0
20190528,3,16764.0,2.0
20190529,2,17102.0,2.0
20190529,3,17264.0,2.0
20190530,2,14028.0,2.0
20190530,3,14329.0,2.0
20190531,2,13882.0,2.0
20190531,3,14221.0,2.0
20190603,2,14299.0,2.0
20190603,3,14950.0,2.0
20190604,2,14655.0,2.0
20190604,3,15256.0,2.0
20190605,2,15082.0,2.0
20190605,3,15653.0,2.0
20190606,2,15398.0,2.0
20190606,3,15746.0,2.0
20190610,2,15658.0,2.0
20190610,3,16130.0,2.0
20190611,2,16609.0,2.0
20190611,3,16646.0,2.0
20190612,2,18226.0,2.0
20190612,3,18448.0,2.0
20190613,2,18368.0,2.0
20190613,3,18656.0,2.0
20190614,2,18651.0,2.0
20190614,3,19020.0,2.0
20190617,2,18964.0,1.0
20190617,3,19555.0,1.0
20190618,2,18693.0,1.0
20190618,3,19024.0,1.0
20190619,2,19433.0,1.0
20190619,3,19697.0,1.0
20190620,2,19781.0,1.0
20190620,3,20074.0,1.0
20190621,2,19712.0,1.0
20190621,3,20280.0,1.0
20190624,2,19906.0,1.0
20190624,3,20280.0,1.0
20190625,2,19667.0,1.0
20190625,3,20385.0,1.0
20190626,2,19716.0,1.0
20190626,3,19891.0,1.0
20190627,2,19888.0,1.0
20190627,3,19860.0,1.0
20190628,2,19539.0,1.0
20190628,3,20333.0,1.0
20190701,2,19596.0,1.0
20190701,3,20518.0,1.0
20190702,2,20296.0,1.0
20190702,3,21459.0,1.0
20190703,2,20890.0,1.0
20190703,3,22011.0,1.0
20190704,2,20880.0,1.0
20190704,3,21924.0,1.0
20190705,2,20901.0,1.0
20190705,3,22100.0,1.0
20190708,2,21193.0,1.0
20190708,3,22092.0,1.0
20190709,2,21626.0,1.0
20190709,3,22766.0,1.0
20190710,2,22215.0,1.0
20190710,3,23302.0,1.0
20190711,2,23050.0,1.0
20190711,3,24405.0,1.0
20190712,2,23115.0,1.0
20190712,3,24771.0,1.0
20190715,2,22524.0,1.0
20190715,3,23875.0,1.0
20190716,2,22537.0,1.0
20190716,3,23879.0,1.0
20190717,2,21838.0,1.0
20190717,3,23201.0,1.0
20190718,2,21728.0,1.0
20190718,3,23401.0,1.0
20190719,2,21302.0,1.0
20190719,3,22985.0,1.0
20190722,2,21219.0,1.0
20190722,3,22965.0,1.0
20190723,2,20391.0,1.0
20190723,3,22051.0,1.0
20190724,2,19878.0,1.0
20190724,3,21276.0,1.0
20190725,2,19701.0,1.0
20190725,3,21142.0,1.0
20190726,2,19680.0,1.0
20190726,3,21440.0,1.0
20190729,2,19653.0,1.0
20190729,3,21207.0,1.0
20190730,2,18891.0,1.0
20190730,3,20357.0,1.0
20190731,2,18436.0,1.0
20190731,3,20453.0,1.0
20190801,2,18465.0,1.0
20190801,3,20456.0,1.0
20190802,2,18094.0,1.0
20190802,3,20168.0,1.0
20190805,2,17376.0,1.0
20190805,3,19150.0,1.0
20190806,2,16130.0,1.0
20190806,3,17796.0,1.0
20190807,2,15401.0,1.0
20190807,3,17106.0,1.0
20190808,2,14542.0,1.0
20190808,3,16101.0,1.0
20190809,2,22870.0,2.0
20190809,3,24816.0,2.0
20190812,2,23162.0,2.0
20190812,3,25158.0,2.0
20190813,2,23630.0,2.0
20190813,3,25988.0,2.0
20190814,2,24010.0,2.0
20190814,3,26349.0,2.0
20190815,2,24697.0,2.0
20190815,3,26746.0,2.0
20190816,2,24949.0,2.0
20190816,3,27091.0,2.0
20190819,2,24544.0,2.0
20190819,3,26929.0,2.0
20190820,2,24465.0,2.0
20190820,3,27086.0,2.0
20190821,2,24452.0,2.0
20190821,3,26844.0,2.0
20190822,2,24579.0,2.0
20190822,3,27128.0,2.0
20190823,2,24793.0,2.0
20190823,3,27720.0,2.0
20190826,2,25000.0,2.0
20190826,3,27604.0,2.0
20190827,2,25072.0,2.0
20190827,3,27508.0,2.0
20190828,2,25090.0,2.0
20190828,3,27585.0,2.0
20190829,2,21494.0,2.0
20190829,3,24597.0,2.0
20190830,2,21948.0,2.0
20190830,3,24531.0,2.0
20190902,2,22691.0,2.0
20190902,3,25228.0,2.0
20190903,2,22794.0,2.0
20190903,3,25238.0,2.0
20190904,2,23321.0,2.0
20190904,3,25789.0,2.0
20190905,2,23750.0,2.0
20190905,3,26229.0,2.0
20190906,2,24922.0,2.0
20190906,3,27534.0,2.0
20190909,2,25461.0,2.0
20190909,3,27861.0,2.0
20190910,2,25215.0,2.0
20190910,3,27086.0,2.0
20190911,2,25881.0,2.0
20190911,3,27503.0,2.0
20190912,2,25922.0,2.0
20190912,3,27302.0,2.0
20190916,2,25807.0,2.0
20190916,3,27366.0,2.0
20190917,2,26730.0,1.0
20190917,3,27785.0,1.0
20190918,2,26890.0,1.0
20190918,3,27142.0,1.0
20190919,2,26750.0,1.0
20190919,3,27177.0,1.0
20190920,2,26638.0,1.0
20190920,3,27274.0,1.0
20190923,2,26590.0,1.0
20190923,3,26734.0,1.0
20190924,2,26989.0,1.0
20190924,3,27183.0,1.0
20190925,2,27109.0,1.0
20190925,3,27464.0,1.0
20190926,2,27385.0,1.0
20190926,3,27696.0,1.0
20190927,2,27303.0,1.0
20190927,3,27566.0,1.0
20190930,2,26676.0,1.0
20190930,3,27147.0,1.0
20191008,2,26394.0,1.0
20191008,3,26964.0,1.0
20191009,2,26599.0,1.0
20191009,3,27291.0,1.0
20191010,2,26750.0,1.0
20191010,3,27301.0,1.0
20191011,2,28255.0,1.0
20191011,3,28710.0,1.0
20191014,2,28649.0,1.0
20191014,3,29248.0,1.0
20191015,2,29426.0,1.0
20191015,3,29973.0,1.0
20191016,2,30433.0,1.0
20191016,3,30856.0,1.0
20191017,2,30274.0,1.0
20191017,3,31107.0,1.0
20191018,2,30751.0,1.0
20191018,3,31236.0,1.0
20191021,2,31791.0,1.0
20191021,3,32246.0,1.0
20191022,2,30759.0,1.0
20191022,3,31355.0,1.0
20191023,2,30501.0,1.0
20191023,3,31611.0,1.0
20191024,2,31041.0,1.0
20191024,3,32092.0,1.0
20191025,2,32335.0,1.0
20191025,3,32874.0,1.0
20191028,2,33825.0,1.0
20191028,3,34191.0,1.0
20191029,2,33926.0,1.0
20191029,3,34079.0,1.0
20191030,2,33471.0,1.0
20191030,3,33028.0,1.0
20191031,2,32185.0,1.0
20191031,3,31793.0,1.0
20191101,2,31533.0,1.0
20191101,3,31082.0,1.0
20191104,2,30884.0,1.0
20191104,3,30618.0,1.0
20191105,2,28981.0,1.0
20191105,3,28740.0,1.0
20191106,2,28013.0,1.0
20191106,3,28107.0,1.0
20191107,2,27031.0,1.0
20191107,3,27128.0,1.0
20191108,2,26648.0,1.0
20191108,3,26492.0,1.0
20191111,2,24694.0,1.0
20191111,3,24609.0,1.0
20191112,2,33696.0,2.0
20191112,3,34118.0,2.0
20191113,2,33620.0,2.0
20191113,3,34330.0,2.0
20191114,2,32961.0,2.0
20191114,3,33694.0,2.0
20191115,2,32683.0,2.0
20191115,3,33667.0,2.0
20191118,2,31962.0,2.0
20191118,3,33563.0,2.0
20191119,2,31385.0,2.0
20191119,3,33030.0,2.0
20191120,2,31015.0,2.0
20191120,3,32336.0,2.0
20191121,2,31174.0,2.0
20191121,3,32234.0,2.0
20191122,2,31055.0,2.0
20191122,3,31966.0,2.0
20191125,2,30774.0,2.0
20191125,3,31668.0,2.0
20191126,2,30893.0,2.0
20191126,3,31918.0,2.0
20191127,2,30994.0,2.0
20191127,3,32191.0,2.0
20191128,2,22302.0,2.0
20191128,3,23383.0,2.0
20191129,2,22571.0,2.0
20191129,3,23622.0,2.0
20191202,2,22849.0,2.0
20191202,3,23862.0,2.0
20191203,2,22856.0,2.0
20191203,3,23877.0,2.0
20191204,2,24016.0,2.0
20191204,3,24655.0,2.0
20191205,2,24516.0,2.0
20191205,3,25236.0,2.0
20191206,2,24753.0,2.0
20191206,3,25510.0,2.0
20191209,2,24440.0,2.0
20191209,3,25195.0,2.0
20191210,2,25708.0,2.0
20191210,3,26056.0,2.0
20191211,2,25958.0,2.0
20191211,3,26432.0,2.0
20191212,2,26254.0,2.0
20191212,3,26678.0,2.0
20191213,2,23186.0,2.0
20191213,3,23262.0,2.0
20191216,2,23091.0,1.0
20191216,3,23190.0,1.0
20191217,2,23158.0,1.0
20191217,3,23243.0,1.0
20191218,2,23052.0,1.0
20191218,3,22984.0,1.0
20191219,2,23298.0,1.0
20191219,3,23097.0,1.0
20191220,2,23971.0,1.0
20191220,3,24031.0,1.0
20191223,2,24126.0,1.0
20191223,3,24359.0,1.0
20191224,2,25404.0,1.0
20191224,3,25441.0,1.0
20191225,2,26007.0,1.0
20191225,3,25709.0,1.0
20191226,2,26587.0,1.0
20191226,3,25763.0,1.0
20191227,2,28254.0,1.0
20191227,3,27017.0,1.0
20191230,2,28888.0,1.0
20191230,3,27831.0,1.0
20191231,2,29917.0,1.0
20191231,3,28576.0,1.0
20200102,2,31604.0,1.0
20200102,3,29793.0,1.0
20200103,2,32801.0,1.0
20200103,3,30807.0,1.0
20200106,2,33269.0,1.0
20200106,3,31527.0,1.0
20200107,2,34128.0,1.0
20200107,3,31368.0,1.0
20200108,2,34637.0,1.0
20200108,3,31742.0,1.0
20200109,2,35731.0,1.0
20200109,3,33319.0,1.0
20200110,2,34236.0,1.0
20200110,3,32670.0,1.0
20200113,2,34063.0,1.0
20200113,3,32197.0,1.0
20200114,2,33985.0,1.0
20200114,3,32234.0,1.0
20200115,2,33684.0,1.0
20200115,3,31192.0,1.0
20200116,2,33926.0,1.0
20200116,3,31592.0,1.0
20200117,2,34159.0,1.0
20200117,3,32033.0,1.0
20200120,2,34140.0,1.0
20200120,3,32009.0,1.0
20200121,2,33677.0,1.0
20200121,3,31263.0,1.0
20200122,2,33490.0,1.0
20200122,3,31065.0,1.0
20200123,2,33229.0,1.0
20200123,3,31026.0,1.0
20200203,2,31968.0,1.0
20200203,3,29595.0,1.0
20200204,2,31092.0,1.0
20200204,3,28765.0,1.0
20200205,2,30601.0,1.0
20200205,3,28192.0,1.0
20200206,2,29242.0,1.0
20200206,3,26959.0,1.0
20200207,2,28602.0,1.0
20200207,3,26707.0,1.0
20200210,2,26855.0,1.0
20200210,3,24732.0,1.0
20200211,2,25042.0,1.0
20200211,3,22575.0,1.0
20200212,2,33765.0,2.0
20200212,3,31481.0,2.0
